Step,polynomial_neg-cft_noskewed - inner_product,polynomial_uft_noskewed - inner_product,polynomial_cft_noskewed - inner_product,sumdot_neg-cft_skewed - inner_product,sumdot_uft_skewed - inner_product,sumdot_cft_skewed - inner_product
0,-0.04019510302168780,-0.0029102247208356900,0.05478451191447680,0.02401031178305860,0.14249941636808200,0.4583256422774870
100,0.04541572683956470,0.013731298851780600,0.5746603959269120,0.00398733007023111,0.6758008030010390,0.5967904534190890
200,0.1796967833652160,0.17647229618160100,0.7594409921439370,0.001866430218797180,0.8057285728864370,0.5813416910823440
300,0.1864650189236270,0.1694840471027420,0.8135741273872550,0.0014955442456994200,0.8760451669804750,0.6222600598121060
400,0.1487195999652610,0.16693607397610300,0.8538072118535640,0.0614264237228781,0.8971179751679300,0.5693387549836190
500,0.18400026195740800,0.206957575501292,0.9476248063147070,0.04494747013086450,0.9235533447936180,0.6048311508493500
600,0.15348833263851700,0.1649190956959500,0.984500884078443,0.04111329576699060,0.9281989485025410,0.6162259562406690
700,0.15330023237038400,0.1600167526921720,0.8577148336917160,0.025058689469005900,0.9334230199456220,0.6320284283719960
800,0.18836080620531000,0.1946169603324960,0.9687673710286620,0.09751272649737080,0.9245365830138330,0.599262420553714
900,0.13875465214368900,0.18685235443990700,0.8092722045257690,0.023685586143983500,0.953569077886641,0.6168300891295080
1000,0.18305835366481900,0.1547933462425140,0.9625014336779710,0.04959958785912020,0.9320011870004240,0.6009515759069470
1100,0.19270051518105900,0.17566079780226600,0.9010942494496700,0.153142714407295,0.9388331528753040,0.6071197143755850
1200,0.1871011508628730,0.16892955111688900,0.9695817870087920,0.22990322434634400,0.9548012232407930,0.5568164228461680
1300,0.1830099310609510,0.20935144269606100,0.9561954783275720,0.2963588779675770,0.9638671083375810,0.606224890332669
1400,0.15654525411082400,0.19320440664887400,0.9302240451797840,0.242618449148722,0.930094763636589,0.5952714330051090
1500,0.16707755354582300,0.18274308915715700,0.9055224619805810,0.2828410890651870,0.9597779158502820,0.5977547448128460
1600,0.17894931766204500,0.22326978365890700,0.8898850181140010,0.2711585578508680,0.9611677434295420,0.5789760402403770
1700,0.20369808477698800,0.15964049444301100,0.9704683423042300,0.3114250794169490,0.9660902181640270,0.6129883327521380
1800,0.16655315743992100,0.17397964591509700,0.954451966099441,0.28482370427809700,0.9607835365459320,0.59208067462896
1900,0.20203400059836000,0.19030814443249300,0.8720705099403860,0.23227131296880500,0.9553780714049940,0.5913629372371360
2000,0.17024323338409900,0.18317823587858600,0.9385744296014310,0.2597107989131470,0.9663673397153620,0.5673042706912380
2100,0.16813987400382800,0.15966363938059700,0.9074270455166700,0.3179539814009330,0.9544427068904040,0.4724946797359740
2200,0.18897891996312000,0.1623462725619900,0.9346639392897490,0.2842451110482220,0.9675844935700300,0.6558940894901750
2300,0.21378279538475900,0.18669925344875100,0.9677896862849590,0.34583227800612800,0.965292532928288,0.6723932408494880
2400,0.16872248676372700,0.17763238941552100,0.9650385975837710,0.24476098260493000,0.9619486313313250,0.7418187959119680
2500,0.18821580962685400,0.19644866458838800,0.9693615008145570,0.3610559500812090,0.9702206961810590,0.7368155578151350
2600,0.14874660223722500,0.1757979354588320,0.9332857644185420,0.27578819752670800,0.9674332020804290,0.807685153442435
2700,0.16131968930130800,0.1768347754550630,0.9049667334184050,0.3138676076196130,0.9732101960107680,0.7910304516553880
2800,0.176664310391061,0.1849229664367160,0.9739947998896240,0.41014998947503000,0.9776859758421780,0.8287743003456850
2900,0.17938732280163100,0.18295261735329400,0.8851359044201670,0.37204490491421900,0.9766487330198290,0.8518704068847000
3000,0.2163013950921600,0.17932765890145700,0.9683096436783670,0.4156718928134070,0.9676106702536350,0.7656151475384830
3100,0.1622147765592670,0.17074454226531100,0.9273076551035050,0.41087141567550100,0.9633821668103340,0.8431198479374870
3200,0.18260753707727400,0.16571648148237700,0.9990552421659230,0.3972520674869880,0.9714080970734360,0.8198707702104000
3300,0.16849404841195800,0.22061343875248000,0.8785722181200980,0.4582581801805650,0.9734488325193520,0.8560333894565700
3400,0.18322273902595000,0.18134246743284200,0.9982864428311590,0.39855316845933000,0.9783538030460480,0.8707486833445730
3500,0.18087473715422700,0.14945327330497100,0.9216332705691460,0.409184567455668,0.9697064096108080,0.8949669953435660
3600,0.15662085579242600,0.20261653797933800,0.9975789515301590,0.3582062537316230,0.9237426474574020,0.8400046867318450
3700,0.17664242323371600,0.2153222484048460,0.9680695477873090,0.5013673133798880,0.9676206894218920,0.8758029385935520
3800,0.19158892455743600,0.1760833156586160,0.9986088322475550,0.45417747361352700,0.9555504641029980,0.9107319368049500
3900,0.17083590058609800,0.17646665481152000,0.9992340244352820,0.5050527262501420,0.9665585411712530,0.8350638665724550
4000,0.184741268545622,0.17011710937367800,0.9981081215664740,0.37615953033673600,0.9285324336960910,0.9098286340013150
4100,0.1858119760581760,0.2177796759060580,0.9656022302806380,0.42689941852586300,0.9675004910677670,0.9155865730717780
4200,0.20051043055718800,0.18392018659506000,0.9991283342242240,0.42027884064009400,0.9526405399665240,0.9343961738049980
4300,0.1816315350588410,0.17236619046889200,0.9472813783213500,0.37482733954675500,0.9434534199535850,0.9462412195280190
4400,0.1683141408720990,0.16249791855807400,0.9095921302214270,0.3905534881632780,0.9271967330714690,0.885379082756117
4500,0.18038323923246900,0.20223759720102000,0.9992518341168760,0.4624732260417660,0.9463811081950550,0.9241947587579490
4600,0.16809487924911100,0.18453109191614200,0.9877358279190960,0.3672804755915420,0.9083260628394780,0.896554138395004
4700,0.18950351083185500,0.18157994930516000,0.9700988195836540,0.5208529520314190,0.9377987501211460,0.902483812533319
4800,0.1718262224458160,0.1614481543947480,0.9986438155174260,0.4757633326225910,0.9662044392898680,0.9373494014143940
4900,0.18949679136858300,0.18970794157940000,0.9925423571839930,0.3357650996185840,0.9391099393833430,0.9262302443385120
5000,0.16758389575989000,0.18031422287458600,0.9995151087641720,0.38440858805552100,0.9626309964805840,0.8472895690938460
5100,0.18128879880532600,0.15335127752041400,0.9079631175845860,0.3922138342168180,0.9409383188467470,0.9226879966445270
5200,0.1786271260061770,0.20494730232167100,0.9995767725631600,0.3259001364931460,0.8764310372062030,0.9043483999557790
5300,0.16323275910690400,0.179728529707063,0.9946090262383220,0.35567871283274100,0.9534521382302050,0.8918516121339050
5400,0.183944538643118,0.164439947984647,0.9680774314329030,0.37230738380458200,0.9261320815421640,0.9195109438151120
5500,0.2043463689624330,0.200836809061002,0.9689790587872270,0.31303934002062300,0.9289214839227500,0.9306170558556910
5600,0.20320008834824000,0.17541705537587400,0.9519882349995900,0.34392747801030100,0.9230510829947890,0.9423299971967940
5700,0.16229120822390500,0.18453682778636000,0.9925762694329020,0.3535682298243050,0.9033878254704180,0.837604193831794
5800,0.1825228563102430,0.17520621791482000,0.9358997897943480,0.4552489081979730,0.9124292188789700,0.9135116310790180
5900,0.20195865456480500,0.18697036171215600,0.9992501558735970,0.27442656623316,0.9264639363391330,0.9117187324445700
6000,0.19779745751293400,0.183668290352216,0.998946063220501,0.2520758463651870,0.9298750176094470,0.9037603191100060
6100,0.1724652239063290,0.17001459101447800,0.9929841468110680,0.2841772900428620,0.922177410684526,0.9118280224502090
6200,0.1971245245076720,0.16294912615558100,0.9989386480301620,0.3526060190051790,0.9016971577657390,0.9189346237108110
6300,0.20172701630508500,0.17945230583427500,0.9635314522311090,0.33109864554717200,0.9437209906755020,0.9074641014449300
6400,0.17407832061871900,0.19207523157820100,0.9399254759773610,0.3231968284235340,0.8730071451282130,0.9034838024526830
6500,0.18621579895261700,0.179605784767773,0.9990966469049450,0.2793147547636180,0.8746989443898200,0.912906598765403
6600,0.1772558448719790,0.15515663742553400,0.9988462869077920,0.3482639272988310,0.8702511431183670,0.8419310193276030
6700,0.18241039424901800,0.1734735514037310,0.9989587534219030,0.3453850000514650,0.9314800156280400,0.8973359159426760
6800,0.1981437026988720,0.16249579735449500,0.9678536960855130,0.26505678688408800,0.9126459788531070,0.927248970605433
6900,0.20499965373892300,0.170083848410286,0.9705938585102560,0.3432800251757730,0.9335183367365970,0.8926546850707380
7000,0.14304535505652900,0.14490369449777100,0.9991407869383690,0.3453974715957880,0.8928319368278610,0.9039894507732240
7100,0.17941605939995500,0.18457063677487900,0.9677243093028670,0.18487010628450700,0.9358470919542020,0.8808300700038670
7200,0.15365165952243800,0.19107634160900500,0.9931606482714420,0.2184789257007650,0.8545862908940760,0.8598829773254690
7300,0.17009276666794900,0.18381040438544000,0.9691249756142500,0.22613336087670200,0.9138875500066210,0.8837578746024520
7400,0.188686824956676,0.1570727535581680,0.9142333883792160,0.3241021175053900,0.9075729565229270,0.9086572886444630
7500,0.16488238054444100,0.19230885984143200,0.9995432579889890,0.20021287456620500,0.8546812048880380,0.9241119925864040
7600,0.19185728262527800,0.16572965192608500,0.9870049434248360,0.23938898573396700,0.8752286178059880,0.8658200376667080
7700,0.19043985111056800,0.18700184597400900,0.9995217984542250,0.25665640213992400,0.9319111269433050,0.9024917411152270
7800,0.18500470017897900,0.1484554217895490,0.9887297889217730,0.1557932948344390,0.8760873060673480,0.8485504449345170
7900,0.13934621441876500,0.1666878056130370,0.9693849515169860,0.22922399509116100,0.8795312512665990,0.9040795166511090
8000,0.16047133936081100,0.18965013953857100,0.9747683396562930,0.27809827445889800,0.8629407144035210,0.8751645650481810
8100,0.16886009753216100,0.18249671661760700,0.9973467672243710,0.2407307192333970,0.912180430139415,0.8943810295313600
8200,0.18883690613438400,0.16200079664122300,0.9961046669632200,0.2120625857496630,0.8422767663141710,0.882661679526791
8300,0.18093150318600200,0.17494376539252700,0.9696474066004160,0.2624359743203970,0.823102041205857,0.9548471951857210
8400,0.17190263830707400,0.16462795322877400,0.9997733132913710,0.20686965202912700,0.9148052916862070,0.8931563645601270
8500,0.19149796896090300,0.1748356639582200,0.9663360072299840,0.22557689162204000,0.9072989659616720,0.8998028563801200
8600,0.16637188545428200,0.18556927784811700,0.93870332185179,0.11976595048327000,0.943253620993346,0.8291040878975760
8700,0.21937571227317700,0.1520250315661540,0.9990688180550930,0.2081656533991920,0.9292475990951060,0.9174998067319390
8800,0.15603029256453700,0.19318882917286800,0.9993392545729880,0.23852350731613100,0.893117333529517,0.8641437904443590
8900,0.15654267519130400,0.16405215655686300,0.9993372550234200,0.23530697188107300,0.8547095648245890,0.8667034001555290
9000,0.1817244258709250,0.16863007508800400,0.9986205557361250,0.19506567297503400,0.9195146951824430,0.9162693084217610
9100,0.18324977872544000,0.16319306663353900,0.9686547750607130,0.18049984649405800,0.9192377724684780,0.9002648701425640
9200,0.15126712778874200,0.1411585228634070,0.9996544122695920,0.18252688104985300,0.9073446342372340,0.9028377102222290
9300,0.1823502315673980,0.17311412648996300,0.9906152319163080,0.15081705365446400,0.873861797619611,0.9623458562418820
9400,0.13710171487764500,0.1745519929099830,0.9685857789590960,0.252823906193953,0.8962464621290570,0.879814522806555
9500,0.19089185440680000,0.17502208988298700,0.9987439168617130,0.14129738818155600,0.8164537595584990,0.8984083388932050
9600,0.17498063106904700,0.17157975665759300,0.9784191569779070,0.13436354277655500,0.926466649863869,0.9194919154979290
9700,0.17001763297594200,0.18950118163775200,0.9687146544456480,0.09898018726380540,0.9433653289452200,0.9004234975436700
9800,0.19897077698260500,0.17872895544860500,0.9985919184982780,0.11450299111311300,0.810754522040952,0.9403148647397760
9900,0.19232659821864200,0.20073800877435100,0.9972449755296110,0.26246531860670100,0.8500277309212830,0.9485007263720040
10000,0.13252962726983200,0.16547634985181500,0.9992177849635480,0.13949462611344600,0.8922681821277370,0.9337458750233050
10100,0.1698228238383310,0.16872338372923000,0.9995984071865680,0.23681205389584600,0.8724014193285260,0.9480706220492720
10200,0.19090229616267600,0.13105788436951100,0.9997078645974400,0.07686285339877940,0.8944036655593660,0.9475218476727610
10300,0.2238843873492440,0.19359910115599600,0.9994581192731860,0.18584501673467500,0.9064736771397290,0.8937598266638820
10400,0.14916756324237200,0.1565351304889190,0.9992846297100190,0.10714802780421500,0.9377535968087610,0.9395430590957400
10500,0.18474257182970200,0.17645119797089100,0.9428720008581880,0.20083682634867700,0.8730477918870750,0.9286445386242120
10600,0.17278796707978500,0.16105635091662400,0.9582834495231510,0.1841884402820140,0.9125206540338700,0.9179003569297490
10700,0.20707795760245100,0.17017453641165000,0.9711112678051000,0.1339157533366230,0.9138191372621800,0.9061243718024340
10800,0.1639612381113690,0.1652327673509720,0.9990527341142300,0.10273651889292500,0.8920248115900900,0.923827545135282
10900,0.1668110289319880,0.14810489473165900,0.9985821433365350,0.11579116072971400,0.9181526598986240,0.7591626553912650
11000,0.1694048159988600,0.19562430182122600,0.9685036996379500,0.1159275678510310,0.8919554559979590,0.9397983402013780
11100,0.19174947735155,0.1681362756062300,0.9990198146551850,0.10526168229989700,0.8475132894236590,0.8203208199702200
11200,0.19391616841312500,0.1982508254586720,0.9988656928762790,0.13440572516992700,0.9119730838574470,0.8606117067392920
11300,0.17874515225412300,0.1772705851471980,0.9996150489896540,0.07632724207360300,0.8679922277806330,0.7982476521283390
11400,0.19788133661495500,0.19449396344134600,0.9996923273429280,0.08891318732639780,0.8785500273806970,0.9042213670909410
11500,0.19617087434744500,0.16423421062063400,0.9400802785530690,0.11045991026912800,0.8708266095491130,0.892563683912158
11600,0.18101541133364700,0.18672888237051700,0.9929715087637310,0.06954479694832120,0.8613806832581760,0.7896290247445000
11700,0.18257887684740100,0.1745019326917830,0.9997160853818060,0.1346667460165920,0.9273488018661740,0.8085067246574910
11800,0.16821469049318700,0.17473133036401100,0.9996154196560380,0.092600830597803,0.8083234196528790,0.9430192845175040
11900,0.17938369952025800,0.20153987396042800,0.9706386607140300,0.14546332060126600,0.8617406201083210,0.9476087503135200
12000,0.16195921355392800,0.19580071308882900,0.9664400089532140,0.18286037049256300,0.895530752139166,0.7425840218784290
12100,0.17788106121588500,0.20513715082779500,0.9685744326561690,0.0860852511250414,0.8602967662736770,0.8089721952565010
12200,0.17628751933807500,0.17354958920623200,0.968629514798522,0.0720675681513967,0.9062597355805340,0.8034106633858760
12300,0.14065925279283000,0.20260000167763800,0.9991575656458740,0.1014314802014270,0.9192489185370510,0.9227715069428090
12400,0.200386093754787,0.18660109012853400,0.9984538350254300,0.0906535471585812,0.9208241153974090,0.9294413620373230
12500,0.20802981665474400,0.18891154980519800,0.9994840575382110,0.06765590532450010,0.8710539492312820,0.838172246934846
12600,0.1441678858245720,0.19175851001637100,0.9992786385118960,0.1329547357163390,0.8731917713303120,0.8920716278953480
12700,0.13682075988617700,0.23974474519491200,0.9945851964876060,0.14338798727840200,0.9177449163980780,0.8522691398393360
12800,0.18640600284561500,0.23215002310462300,0.9489881442859770,0.1630431415978820,0.9563095886260270,0.9182422216981650
12900,0.17650007462361800,0.18808426253963300,0.9963002623990180,0.1553189261467200,0.8279805602505800,0.8671951058786360
13000,0.1725265898858200,0.08731513377279040,0.9997813468799000,0.08959169295849280,0.9000906151486560,0.8936519790440800
13100,0.17418847186490900,0.08033516729483380,0.9997374573722480,0.05217965733027090,0.851059237960726,0.8741888056392780
13200,0.16906492374255300,0.11861177039099900,0.9644783493131400,0.0664277819741983,0.9340876298956570,0.7789712115190920
13300,0.19034000596730000,0.14614512275147700,0.9997407356277110,0.07017085450934250,0.9533333154395220,0.8857275940827090
13400,0.15576347365276900,0.13357989888754700,0.9069101540371780,0.0955972256779205,0.8499658434884620,0.9370273137465120
13500,0.16244970457046300,0.12303787461132700,0.9986939961090680,0.12011765269562600,0.9360541417263450,0.8268319563940170
13600,0.14652504795230900,0.1745545510784720,0.9991773823276160,0.09051331348018720,0.8961565940408040,0.8419336263323200
13700,0.19384353724308300,0.1935092921485190,0.9996963674202560,0.004685819032602010,0.8838550571817910,0.9311346653848890
13800,0.19430988922249500,0.16460620722500600,0.9687418006360530,0.06954059924464670,0.8964078924618660,0.8539210499729960
13900,0.16834046639269200,0.1710148460115310,0.9407603787258270,0.08707017989945600,0.8957609795033930,0.8255845096427950
14000,0.1643846644437870,0.1816898302640770,0.9784373617731040,0.07003482243453620,0.8467278726166110,0.8740409356541930
14100,0.1937923437799330,0.1673620471265170,0.9983450900763270,0.12337270571151700,0.9519771123304960,0.9486602479591970
14200,0.20610640554514200,0.1895478762453420,0.9973712079226970,0.03317437582882120,0.9528648206032810,0.9237729916349050
14300,0.18286371164140300,0.18427840105141500,0.9985478054732080,0.049827763403300200,0.9436872592195870,0.9517179494723680
14400,0.17285099989385300,0.15715712314704400,0.9686595210805540,0.09199436847120520,0.8871029606089000,0.8744356844108550
14500,0.17797866629553000,0.17099935002625000,0.9991953605785970,0.14030374982394300,0.8556057914393020,0.9247492053546010
14600,0.18593027570750600,0.15951750293606900,0.9996946519240740,0.1407669094915040,0.9237954703276050,0.9613955337554220
14700,0.152962846274022,0.1980610124883240,0.984321036376059,0.07206664071418350,0.8793639070936480,0.9305101432837550
14800,0.17958054901100700,0.1641746768145820,0.901489001698792,0.04877357935765760,0.8958859106060120,0.8132992851315070
14900,0.17911916133016300,0.15482693270314500,0.9474530913867060,0.04657238477375360,0.9368776944465940,0.8954378365306180
15000,0.19058484851848300,0.18662751247757100,0.9682274553924800,0.017193905921885700,0.9142179363407200,0.5828994318144400
15100,0.19341547030489900,0.16205020071356600,0.9998078886419540,0.07651207118760790,0.9156785346567630,0.7989120010170150
15200,0.17191419427399500,0.20577949291328000,0.9992172131314870,0.11157559661660300,0.8924744826508690,0.9093476587440820
15300,0.18267976015340500,0.16671767682419200,0.9995328169316050,0.10018048621714100,0.9423616616986690,0.8347762279445310
15400,0.19622570322826500,0.17308963887626300,0.9955251282081010,0.08757565938867630,0.8918484566966070,0.9303869614377620
15500,0.1696496477816250,0.1760745110514110,0.9705107258632780,0.0853881926741451,0.8674174430780110,0.857155714998953
15600,0.1723654536763210,0.17352846162975800,0.9986376371234660,0.036977971147280200,0.9049103017896410,0.8155848679598420
15700,0.19959729467518600,0.1758081698208120,0.9997690450400110,0.0528067589038983,0.9279312310973180,0.9230209866072980
15800,0.15952695184387300,0.16040609334595500,0.9980192184448240,0.11275097791804000,0.8908261030446740,0.7495071094017480
15900,0.15353444416541600,0.15301052742870500,0.9728487571701410,0.12461365532362800,0.900404253625311,0.9457724438980220
16000,0.1940427016816100,0.17568710973137100,0.9991142889484760,0.09605652288882990,0.9586857738904660,0.8433664072072130
16100,0.1811410861555490,0.19807116483571000,0.9695224119350310,0.026015000592451500,0.8679384998977180,0.8491743063787000
16200,0.20141717052320000,0.1795098172078720,0.9682600162923340,0.04694647679571060,0.9402545411139730,0.8464543963782490
16300,0.19892171025276200,0.18772104667732500,0.9966953136026860,0.0986658702022396,0.8538432696368550,0.9077948364429180
16400,0.1678655727300790,0.1720261097070760,0.9970547910779720,0.0029833156731911000,0.9240905008045960,0.9329796792007980
16500,0.13609919101872900,0.17259697694680700,0.9787407470867040,0.06747432645352090,0.925077086314559,0.9337000786326830
16600,0.18654903504648200,0.22844839704339400,0.958568014902994,0.07856424973579120,0.8711956437909980,0.9426228674128650
16700,0.1788081843405960,0.18023731361609000,0.9997581671923400,-0.011825085035525300,0.9819934824481610,0.8690351550467310
16800,0.1719800322316590,0.1969336204638240,0.9981867196038370,-0.0023139486547734100,0.9218971233349290,0.9353469768539070
16900,0.16862547682831100,0.16812394495355000,0.9408398391678930,0.10153384867589900,0.9546267075929790,0.8083469897974280
17000,0.20448913966538400,0.1857266370789150,0.9991176947951320,0.0685853492905153,0.8784806773765010,0.9168074221815910
17100,0.15568449345300900,0.16722336551174500,0.9826749856583770,0.05709822347853330,0.8351472559152170,0.8438398097641770
17200,0.17031256627524300,0.1325580257398540,0.9987240750342610,0.01934493298176680,0.817732411029283,0.8577681011520330
17300,0.19022312096785800,0.16447085118852600,0.9988982863724230,0.06978135922690850,0.9255993074039000,0.9192319319117810
17400,0.19944072229554900,0.17780257125559700,0.9891826389357450,0.031843332515563800,0.9252845250302930,0.9222820242866870
17500,0.1641185322077950,0.18432473886059600,0.9988297233358030,0.027271745027974200,0.9312227796763180,0.9100732760271060
17600,0.2000342889514290,0.15718644147273200,0.980906730517745,-0.029681671323487500,0.9612501189112660,0.8506214434746650
17700,0.15551843657158300,0.16434352629585200,0.9996023280546070,0.051955051836557700,0.8273722330923190,0.8654694939032200
17800,0.16916225587192500,0.20013255445519500,0.9997406443580990,0.06147471170697830,0.9586314368061720,0.8572747923899440
17900,0.15479435835732100,0.17901551519753400,0.996483433060348,0.06743607786484060,0.9035574712324890,0.8602719807531690
18000,0.17783836473245200,0.20638632265036000,0.9944345345720650,0.10476897431362900,0.9138366644037890,0.8479078010423110
18100,0.17925595137057800,0.19509065967577000,0.999749131500721,0.09995791484834630,0.9358288981020450,0.9262794516980650
18200,0.14930701957200700,0.16905082526500300,0.9997964296489950,0.1402707361849030,0.8777066444745290,0.9303183297161010
18300,0.17466984764905600,0.18184791191015400,0.9957388751208780,0.06373240982065910,0.8961222728248690,0.9410563933197410
18400,0.1680707256309690,0.19047296227654400,0.9967016773298380,0.016542310593649700,0.9254165623569860,0.8960708058439200
18500,0.1520004305493790,0.1958956720191050,0.9994455920532350,0.02682473137974740,0.9014508076943460,0.8372051502810790
18600,0.1955386073095720,0.18180105596547900,0.9396559521555900,0.009036508447024970,0.8920719641027970,0.885721106082201
18700,0.17172108439263000,0.17273631066200300,0.99920086376369,0.11811086784291500,0.9389255049172790,0.8683640917297450
18800,0.18790227436693400,0.19662311096908500,0.9824648124631490,0.01641253591515120,0.904467276064679,0.9306492824107410
18900,0.17310637849732300,0.19409384255413900,0.9988012909889220,0.08677423509652730,0.8735397048294540,0.8553089329507200
19000,0.18667412208742500,0.20575823698891300,0.9696568101644520,-0.01034800085471940,0.9254152980865910,0.9509859252721070
19100,0.17478100396692800,0.17104515185928900,0.9714424507692460,0.06839568412397060,0.9201347106136380,0.7499048987810970
19200,0.1732518883072770,0.19960373736103100,0.999670997262001,0.003248919208999720,0.9025744497193960,0.8092268116306510
19300,0.19910437893122400,0.15491296997061,0.9998277677223090,0.04207926956587470,0.8872840845724570,0.9272184424335140
19400,0.1550816788803790,0.13730557257076700,0.9993889769539240,0.0024221929779741900,0.9357857966097070,0.8762879332061860
19500,0.2071683222311550,0.1663047694019040,0.9987236140295860,0.04095753884757870,0.916592879453674,0.8837678199051880
19600,0.17930860954220400,0.16907078557414900,0.989272185601294,0.01760869353893210,0.8961134823039170,0.9236461771652100
19700,0.18055775100947400,0.1991333494806900,0.9732781480997800,-0.0000845600152388215,0.9040758906630800,0.9478712449781600
19800,0.18203153635840900,0.1965779704041780,0.966904703527689,0.11397756286896800,0.9161195484921340,0.9030179221881550
19900,0.19039276125840800,0.15565805486403400,0.9635926596820350,0.153085313810152,0.7708039248827850,0.8669918772066010
20000,0.1683879226911810,0.1699845353141430,0.9409739691764120,0.06491379099315960,0.929345806594938,0.9178713681176310
20100,0.16477876773569700,0.15789257583674000,0.9851189656183120,-0.0000757256057113409,0.9753192253410820,0.8797629913315180
20200,0.16476641315966800,0.18747192964656300,0.9771984610706570,0.0807721572346054,0.9736269344575700,0.9460755474865440
20300,0.1575218452489940,0.17887135950150000,0.9975110841915010,0.06104755523847420,0.9666817998513580,0.9263455029577020
20400,0.17529837487381900,0.17175334531930300,0.9686506101861600,0.09615231421776120,0.9307566676288840,0.9592446663882580
20500,0.19073471310548500,0.16476528608473000,0.9994558533653620,0.03644031175645070,0.8813525518635290,0.9514268133789300
20600,0.20139126136200500,0.1965052035811820,0.9997522663325070,0.046276083347038400,0.9602026748470960,0.9320932221598920
20700,0.18704881964367800,0.172800314205233,0.999508279375732,0.07213722611777480,0.8948601197917010,0.9540135194547470
20800,0.17003462970024000,0.18284297606442100,0.9598179584136230,0.04087088681990280,0.9012686911737550,0.9143864770885560
20900,0.1590659421053720,0.18405133654596300,0.9639889048412440,0.08512923488160600,0.9462629188783470,0.9177553923800590
21000,0.20858458388829600,0.17982091876911,0.9993632966652510,0.0873385391314514,0.9118882622569800,0.8832136053824800
21100,0.20919243537355200,0.17421626212308200,0.9998280499130490,0.09223769267555330,0.9052730530966070,0.956312945112586
21200,0.17225585447158700,0.166059694980504,0.9351175129413610,0.07053158673807050,0.9184104823507370,0.9495828439248730
21300,0.16545376254362100,0.1935455059283410,0.9933285545557740,0.08303894638083880,0.9166014830116180,0.8342520529986360
21400,0.18838383385445900,0.14902423071907800,0.9677597340196370,0.06823059009911960,0.8602540197316560,0.8568717669695620
21500,0.18865883362013800,0.17002376116579400,0.9988621138036250,0.05960653134388850,0.9246153545100240,0.9568726737052200
21600,0.2111450648517350,0.17332871049438800,0.969076519832015,0.0056898933835327600,0.91036794683896,0.9051567218266430
21700,0.16907840693602300,0.1576625921879900,0.9982845401391390,0.05486486840527510,0.9361763569759210,0.906383479014039
21800,0.15949901906424200,0.19477672249195200,0.9815739351324740,0.057511011662427300,0.9599459255114200,0.886790590826422
21900,0.18034937905031300,0.14745581161696500,0.9984512440860270,0.042422532627824700,0.846824943786487,0.9250627213623380
22000,0.1848161967645870,0.19672277010977300,0.9998371303081510,0.03588336455868560,0.8856586010660980,0.9464951464906340
22100,0.16198088896635500,0.16482825757702800,0.9685529144480820,0.014360894332639900,0.9037691042758520,0.9699283400550490
22200,0.1744677843817040,0.18648515356471800,0.9682007022202020,0.07925167246139610,0.9288599229184910,0.9178645906504240
22300,0.20587482186965600,0.17094419483328200,0.9975221585482360,0.04560018333722840,0.9066833483520900,0.9648422803729770
22400,0.1860306163362110,0.21890544350026200,0.9973801448941230,0.09926061314763500,0.9234136936720460,0.9213194674812260
22500,0.174665420781821,0.16704500000923900,0.9568847753107550,0.06383418582845480,0.8919095529126940,0.9215559829026460
22600,0.1990821841172870,0.19389185158070200,0.9911919301375750,0.016187438362976500,0.9369290594477210,0.8825228633359080
22700,0.1919623905705520,0.18752245599171100,0.970471229404211,0.049408651248086200,0.9368309597484770,0.8069127084454520
22800,0.17933017603354500,0.1686058599734680,0.9996790401637550,0.07082839129725470,0.9403621989768000,0.9060450523393230
22900,0.16381404269486700,0.17619568391819500,0.999886273406446,0.05381711054360490,0.9246187488315630,0.9532849676907060
23000,0.17800149266258800,0.1515601617284120,0.9997964585199950,0.052314432949060600,0.9013028969056900,0.8720630686730150
23100,0.19139578193426100,0.1479864715365690,0.971480954438448,0.0953854582621716,0.9108275279868390,0.9104062761180100
23200,0.18734495653188800,0.1642243130481800,0.9699590839445590,0.072445840225555,0.9174729264341300,0.944974698824808
23300,0.19831692514708300,0.17562214759527700,0.9995956560596820,-0.0040534259169362500,0.8849529100116340,0.9412466119974850
23400,0.1944730493123640,0.21244113394641300,0.999749818816781,0.10054731965647100,0.9260363313369450,0.9269190686754880
23500,0.19182490388630000,0.18964629535912500,0.9997860956937080,0.01878944260533900,0.9540780102834110,0.9488393077626820
23600,0.19575240218546200,0.1875888587674130,0.9984500780701640,0.09706154523883020,0.9310121331363920,0.9589454047381880
23700,0.1785584154422400,0.1676500180910810,0.9998598992824550,0.04175145551562310,0.8149181159678850,0.8724773623980580
23800,0.18962657661177200,0.17049104231409700,0.9993127547204490,0.08551652447204110,0.9153016002383080,0.9513674862682820
23900,0.20037449529627300,0.1751989317126570,0.9993589986115690,0.03384013508912180,0.8685506351757800,0.9547778801061210
24000,0.1959408053662630,0.16628541809041100,0.9996059592813250,0.08536239352542910,0.9027318169828500,0.9362650965340440
24100,0.19117587014625300,0.16903345449827600,0.9995723329484460,0.06429591547930610,0.913405105471611,0.9710051193833350
24200,0.2061027110903520,0.16963448893511700,0.9380744341760870,0.018191892479080700,0.8799720936222000,0.897160661406815
24300,0.19325701508205400,0.2014534183545040,0.9995264718309050,0.02271291916258630,0.9405268201371660,0.9164263660786670
24400,0.16126545914448800,0.1696905923599840,0.9686413928866390,0.03595200850395490,0.9004639270715420,0.9644127897918220
24500,0.18367620510980500,0.19116808008402600,0.9692973764613270,0.1372523964382710,0.8949145239312200,0.9281902136281130
24600,0.18713756301440300,0.15360132601927000,0.999741118401289,0.06412278435891490,0.8752806669799610,0.7928286348469560
24700,0.1791464844136500,0.19304146949434700,0.9995419094339010,0.059641096711857200,0.9085736460983750,0.8769573587924240
24800,0.18271667743101700,0.19925177918048600,0.9986640913411980,0.07875780842732640,0.8946852792869320,0.9409471297403800
24900,0.15805943723535200,0.15882894641254100,0.9998422740027310,0.08557378762634470,0.9183655261294920,0.9370322176255290
25000,0.21728717419318900,0.1500600811559710,0.9995307270437480,0.020011973101645700,0.8704595562303440,0.9333360067103060
25100,0.1866513685672540,0.16232734482036900,0.9505385244265200,0.010548517719144000,0.9386745868250730,0.9114416022785010
25200,0.21212185255717500,0.20093402086058600,0.9691316522657870,0.04456890668370760,0.9468383230268960,0.9548876499757170
25300,0.16798886703327300,0.1474835138360500,0.9992348151281480,0.09639669785974550,0.9659237815067170,0.9362471017520880
25400,0.17152606300078300,0.1904716579883830,0.9785335902124640,0.04536603391170500,0.912091089761816,0.9542580130510030
25500,0.2400316874263810,0.1558181755244730,0.9885351783595980,0.07573377381777390,0.8410822644364090,0.8755576487164940
25600,0.17551970633212500,0.18050440630759100,0.9717947579920290,0.03998820672859440,0.9089509237091990,0.952729981043376
25700,0.17943035226198800,0.20726212806766900,0.9986139386892320,0.02455232440843250,0.8222561995498840,0.9315568674355750
25800,0.17646011663600800,0.18332274036947600,0.9998182095587250,0.017401016782969200,0.894795180298388,0.9388694742228840
25900,0.2187360255047680,0.21388785289309500,0.9663245538249610,0.005616513401037080,0.8667426873580550,0.9486709227785470
26000,0.1897323297453110,0.17619804124115000,0.999799283221364,0.11392659071134400,0.8574847214622420,0.9352342314086850
26100,0.1588888949190730,0.14109582049422900,0.941273077391088,0.010957928549032700,0.8774230251437980,0.9363990703132000
26200,0.16198633279418600,0.18018548568943500,0.9504932565614580,-0.0011601506848819600,0.9205314328428360,0.9447619684506210
26300,0.17941909111687000,0.17796023789560400,0.9690512344241140,-0.008066689624683930,0.8933960343711080,0.952567876316607
26400,0.17508109583286600,0.15887072548503100,0.9998742761090400,0.15298899944173200,0.9263804093934600,0.9349003084935250
26500,0.19088664904120400,0.1839816169886040,0.9997715381905440,0.06512069900054490,0.936046653543599,0.9069900960312230
26600,0.2407582694431770,0.18715150078060100,0.9998575830832120,-0.004861275723669680,0.905803418951109,0.9413938950747250
26700,0.18139727256493600,0.1905710073770020,0.9996241014450790,-0.05208019004203380,0.8980953230056910,0.9076357260928490
26800,0.20407238710322400,0.18757198681123600,0.9995268704369660,0.044956302939681300,0.9295927556231620,0.9330073310993610
26900,0.17963106103707100,0.17157281906111200,0.9840229612309490,0.052891456929501100,0.8865616477560250,0.9652442308142780
27000,0.16578593765734700,0.21841314280754900,0.9991033291444180,0.093943516316358,0.9172929553315040,0.9506721002981070
27100,0.19141037832014300,0.1687051189946940,0.9967192243784670,0.02864945644978430,0.908787326188758,0.9641975918784740
27200,0.19374503116705500,0.16081780745298600,0.9997259499505160,-0.023421724850777500,0.9056922164745630,0.9442968461662530
27300,0.18139115039957700,0.18607532093301400,0.9998529413715010,0.03270703350426630,0.9175712196156380,0.9324185588629920
27400,0.19997028392390300,0.21692100338987100,0.9981231577694420,0.03602777226478790,0.9056584290228780,0.8738610660657290
27500,0.17564698547357700,0.1723312073154380,0.9997901162132620,0.0479851410491392,0.8990975024062210,0.8847691754344850
27600,0.1897082770592530,0.20985187392216200,0.9998945593833920,-0.012142885942012100,0.940864781907294,0.8563463392783890
27700,0.1659329505637290,0.18182496802182900,0.9996362812817100,0.027059878106229000,0.9104820652864870,0.9433244676329200
27800,0.17258208361454300,0.15876304544508500,0.9998067822307350,0.05094512092182410,0.937338973628357,0.9355169138871130
27900,0.185222883374081,0.17290807206882200,0.9988416563719510,0.026370144973043400,0.9307171450927850,0.9368573776446280
28000,0.17154276312794500,0.1706924214377070,0.997840765863657,0.062043532729148900,0.9493487612344330,0.9390571976546200
28100,0.15304048027610400,0.18565419071819600,0.9904413353651760,0.06823832116788250,0.8966336262528790,0.9447898394428190
28200,0.15848995726992100,0.1788928429596130,0.9995255917310720,0.06101508473511790,0.9211287465877830,0.9603606918826700
28300,0.18048063310561700,0.173345027200412,0.9995370963588360,0.02597527374746280,0.961210104636848,0.9269660799764100
28400,0.19119253888493400,0.1573069516744000,0.9686258705332880,0.07663439062889670,0.8971176519407890,0.9645544961094860
28500,0.1678344439715150,0.1684093729709280,0.9376515317708250,0.07563607959309590,0.9404140883125370,0.9506804794073110
28600,0.19013739778893100,0.16133924579480700,0.9998339973390100,0.1082183810940480,0.8854159691254610,0.9722529342398050
28700,0.17694516031770000,0.17696314229397100,0.9998575923964380,0.07032779406290500,0.9045553123578430,0.9479612559080120
28800,0.20027646864764400,0.2046612076810560,0.999788329936564,0.0637374118086882,0.9171601342968640,0.9349105532746760
28900,0.15984069081605400,0.22387071220146000,0.9704172145575290,0.06658623128896580,0.8760129539296030,0.9600134585052730
29000,0.12832415678713000,0.1760710011003540,0.9998575448989870,0.1346855721931210,0.8995494408300150,0.9469456886872650
29100,0.16147240565624100,0.16954993276158300,0.9886250449344520,0.02460603284998800,0.8726188302971420,0.9696465656161310
29200,0.17464140144875300,0.20326526451390200,0.9925166172906760,0.010931071679806300,0.9354480803012850,0.913129448890686
29300,0.21838598422618800,0.20649814780335900,0.9992580367252230,0.10609120081062400,0.9278872276190670,0.9620621539652350
29400,0.16800387526745900,0.19833943888079400,0.9983154349029060,-0.005140222230693330,0.9052633550018070,0.9609972331672910
29500,0.16056524650775800,0.177430298528634,0.9687296114861970,0.06966591386299120,0.9402416358352640,0.9259509248659020
29600,0.15251195532619000,0.18934619758511000,0.9989845082163810,-0.022815372183686100,0.9515379532240330,0.9184084441512820
29700,0.2009988774661910,0.18558863986982000,0.9998363200575110,0.039008088991977300,0.9613704215735200,0.9069836339913310
29800,0.16293328301981100,0.19902259230730100,0.9998424099758270,0.04919673316180710,0.9742232849821450,0.8976692378055300
29900,0.17892429104540500,0.16809563018614400,0.9997136434540150,0.039173246404971000,0.9430235379841180,0.9194453537347730
30000,0.19667898619081800,0.17887537309434300,0.999837045557797,0.055309766034042700,0.9084833797533070,0.9588627852499490
30100,0.14155940685304800,0.17828072226257100,0.9993380950763820,0.07246269378811120,0.97427494591102,0.9369054497219620
30200,0.17984009033534700,0.1509460431698240,0.9997655255720020,0.08985810398007740,0.9340160004794600,0.9698872435837980
30300,0.16462405899073900,0.1966802136739720,0.9697643108665940,0.07723579212324690,0.9150334486039360,0.9607720216736200
30400,0.20325109614350400,0.16739345953101300,0.9986062990501520,0.07139021065086130,0.9393377052620050,0.9632673654705290
30500,0.1959116343059580,0.16569647856522400,0.9855824803235010,-0.004005581286037340,0.8924020060803740,0.9517308264039460
30600,0.20602620160207200,0.16514447044755800,0.9995791185647250,0.030308160407003000,0.9451741331722590,0.9417798556387420
30700,0.16700515570119000,0.17239598918240500,0.9997194716706870,0.050270691252080700,0.929184359149076,0.9042414869181810
30800,0.17293667170452000,0.19713057091576000,0.9956781174987560,0.05158281262265520,0.939426415017806,0.9231090659741310
30900,0.18216711439890800,0.15278418420348300,0.9762102626264100,0.05382114747771990,0.9348763972520830,0.945053668692708
31000,0.14173903860501000,0.17474831760046100,0.9990425324067470,-0.0371497540618293,0.9336095852777360,0.9411828615702690
31100,0.18783375776547500,0.17380977983702900,0.9998085172846910,0.028650691092480000,0.912534358096309,0.9320339305559170
31200,0.1615455443970860,0.16875658882781900,0.9993541603907940,0.04063616623170670,0.9603787711821500,0.9084087279625240
31300,0.16869132436113400,0.17811644858738900,0.998534576036036,0.01900048815878110,0.9022986395284530,0.9563196967355910
31400,0.20202866289764600,0.17202356667257800,0.9996020793914800,0.038967353699263200,0.9601100636646150,0.9391588931903240
31500,0.21355611996841600,0.16866371087962800,0.9998433794826270,0.10055637068580800,0.900967005174607,0.9698309488594530
31600,0.1531552752130670,0.16383303867769400,0.9986643409356480,0.11594367877114600,0.9140072766458620,0.9567951294593510
31700,0.21123216368141600,0.18938369111856400,0.9998447950929400,0.05329595762304960,0.9289658437483010,0.9564383570104840
31800,0.16856121580349300,0.1542122200189620,0.9696281878277660,0.05261718176188880,0.9523907997645440,0.9356551580131050
31900,0.17762849217979200,0.1868741512298580,0.9699690323323010,0.007355051406193530,0.9114093179814520,0.9603713150136170
32000,0.18062436988111600,0.1731262674293250,0.9580550040118400,0.010605034680338600,0.8989788995822890,0.9481441634707150
32100,0.15660576763912100,0.16441224567825000,0.9998857006430630,0.038856658269651200,0.8684050043229950,0.9593478906899690
32200,0.19702570635126900,0.17846558563178400,0.9688355745747690,0.04549730455619280,0.9118269984610380,0.9784425413236020
32300,0.18878064744058100,0.15881599037675200,0.9995262194424870,0.011267862762906600,0.9281645854352970,0.9423243552446370
32400,0.14797015709336800,0.1797566909226590,0.9379754476249220,0.03496898047160360,0.8520910758525130,0.9545384310185910
32500,0.15601569740101700,0.21258110250346400,0.9757913695648310,0.06315068586263810,0.8954264593776320,0.9616666166111830
32600,0.20441307761939200,0.17304365249583500,0.970757506787777,0.0339849324664101,0.9157156401488460,0.9612876893952490
32700,0.18842827854678000,0.19867663182958500,0.9995498294010760,0.008830940118059520,0.8833587244153020,0.8842426470364440
32800,0.17080378910759500,0.19372308830497800,0.9648719297256320,0.049968551844358400,0.9109863608609890,0.9367415041197090
32900,0.1666247706161810,0.15326574252685500,0.9998228615149860,0.0440154666575836,0.8732625748962160,0.937791028758511
33000,0.16599368554307100,0.14554669728386200,0.9998665833845740,-0.020784541848115600,0.923183694947511,0.9701993931084870
33100,0.1816635108552870,0.1501911384984850,0.999777146615088,0.06226512466673740,0.9122692022938280,0.9438183633610610
33200,0.1769825493101960,0.16277195635484500,0.999579300172627,-0.0006456767441704870,0.9209506025072190,0.9622825682163240
33300,0.19316472602076800,0.17095990528469000,0.968312700279057,0.021875121165067000,0.92019868188072,0.9528151517733930
33400,0.19502863119123500,0.1831622930476440,0.9685045937076210,0.01804637716850270,0.939977350179106,0.9776420565322040
33500,0.1841939735750200,0.1785738179460170,0.9968923619017010,-0.02188937913160770,0.9370242826407780,0.9595092483796180
33600,0.1943632083130070,0.19870777346659500,0.9936208408325910,0.0026386441895738200,0.9226193830836560,0.935354336630553
33700,0.1969356102636080,0.17820189779740800,0.9993609981611370,0.03723027656087650,0.9478439440717920,0.9710536357015370
33800,0.1515155302186030,0.1755534314434040,0.999888090416789,0.02873228897806260,0.941933503258042,0.9642221382819120
33900,0.18369222301407700,0.18569540471071400,0.9826325107133020,0.07831210980657490,0.9642013995908200,0.9491747561842200
34000,0.1542969192378220,0.19565449873334700,0.9998027859255670,-0.030108488426776600,0.9303258114960050,0.9562929407693450
34100,0.13105491362512100,0.17186676402343400,0.9997118357568980,0.018098155764164400,0.9155338094569740,0.9807715229690080
34200,0.1732916822656990,0.17166732240002600,0.9996601948514580,0.03831783146597450,0.9617507953662430,0.9402686711400750
34300,0.21174237207742400,0.16433027386665300,0.971119905821979,0.08015980309573930,0.951899143634364,0.9630357222631570
34400,0.13355940347537400,0.1340727313363460,0.9732439685612920,0.06678156342240980,0.8915934631368150,0.976198653690517
34500,0.18112546228803700,0.17210366026847600,0.9997187098488210,0.027322376205120200,0.8690816743765030,0.9609112017787990
34600,0.17300791398156400,0.206811445299536,0.999894586391747,0.09253626695135610,0.8972719395533200,0.9693924663588410
34700,0.16908614052226800,0.1439810364099690,0.9378203265368940,0.05449877676437610,0.9262768954504280,0.9328860617242750
34800,0.19855793099850400,0.20136977825313800,0.9688460854813460,0.04327097206260080,0.9165869560383730,0.960049023386091
34900,0.16231628324021600,0.23780840018298500,0.9475811580196020,0.014083190879318900,0.9308185640256850,0.957925749476999
35000,0.1868567712372170,0.20446599237038800,0.9998908443376420,0.06733041218831200,0.8883156481897460,0.9338877256959680
35100,0.20368468694505300,0.28064125712262500,0.9398877779021860,0.02048909672885200,0.9411626169458030,0.9700555186718700
35200,0.18932001129724100,0.2515867228503340,0.999889730475843,0.04786205355776470,0.9186029238626360,0.9559508254751560
35300,0.15554037905531000,0.2559726571853390,0.9996359646320340,0.024786399386357500,0.8607830186374490,0.9628688800148670
35400,0.1495288423029710,0.27628158347215500,0.999063883908093,0.08065009642450610,0.9324095533229410,0.9349305471987460
35500,0.19604054719093300,0.3046510069834770,0.9991644825786350,-0.012956853359355600,0.8982105751056220,0.9795969035476450
35600,0.1843786467507020,0.2806876349495720,0.968103819526732,0.14668836479540900,0.9267783127725120,0.9718613363802430
35700,0.16561337478924500,0.23599374043988100,0.9687235932797190,-0.02949795307358730,0.9293938737828290,0.9388410267420110
35800,0.16686451632995200,0.257322115910938,0.9930662279948590,0.07093242974951860,0.9486802857136350,0.9770735800266270
35900,0.18590698565822100,0.2612545087467880,0.9997400362044570,0.019963298371294500,0.9356733816675840,0.9186883321963250
36000,0.17383594941929900,0.28968402458122,0.9997058818116780,0.026373499946203100,0.8906123656779530,0.9672021600417790
36100,0.2160572586581110,0.30129945516819100,0.9687169501557950,0.07158650428755210,0.9042630947078580,0.9824133357033130
36200,0.20136163802817500,0.2575298774172550,0.9672422716394070,0.037283940822817400,0.9375134791480380,0.9701581662520770
36300,0.19588748677051600,0.30645644216565400,0.9699131352826950,0.09489285689778630,0.911988821811974,0.9541593571193520
36400,0.17109947884455300,0.34227427624864500,0.9941552160307770,0.008189771906472740,0.9281486649997530,0.9640455460175870
36500,0.18105060182279000,0.2896676021628080,0.9998625181615350,0.08803184356656860,0.9179326510056850,0.9320685039274400
36600,0.18815508199622900,0.3128948314115410,0.971646886318922,0.0030906008323654500,0.9547012974508110,0.9718546280637380
36700,0.19121529118274300,0.2683463432767890,0.9972703857347370,0.1122849065286570,0.9133966140216220,0.9611798832193020
36800,0.1655161481903630,0.292981019068975,0.9920251909643410,0.04812911350745710,0.9072281587868930,0.9291609107749540
36900,0.1844078789872580,0.33854076781426600,0.9998662332072850,0.08342122938483950,0.8795710997655990,0.9015959238167850
37000,0.18388226590468500,0.31020318815717500,0.9682579198852180,0.013938720803707800,0.9150758786126970,0.9708514958620070
37100,0.14481390017317600,0.2614420834579510,0.9994209408760070,0.012687453476246400,0.9743047575466340,0.9224448511376980
37200,0.1624494990101080,0.3196967901312750,0.9991293987259270,-0.025402201776159900,0.9395555320661520,0.9012843675445770
37300,0.1992496614693660,0.31863498501479600,0.9375581545755270,0.06389601522823800,0.9533815830945970,0.9403210924938320
37400,0.15075863248785000,0.2980220183089840,0.9688369138166310,0.0501385465322528,0.824467268656008,0.9646059656515720
37500,0.15455367573304100,0.3002406727755440,0.9998904364183550,0.07650762441335250,0.8296706235851160,0.9613230763934550
37600,0.1865217337035570,0.33181569119915400,0.9998071053996680,0.05558949368423780,0.865479801024776,0.9555362146347760
37700,0.19695628748741,0.24269914667820600,0.9680035868659620,-0.01370186751591970,0.9242593741510060,0.9677920415997510
37800,0.20662705617724000,0.34386664954945400,0.9989125309512020,0.04832277901005,0.9147898592054840,0.9770722547546030
37900,0.16397559590404900,0.27843251879676200,0.9996427027508620,0.042008038522908500,0.9359299736097460,0.9725498985499140
38000,0.18103904160670900,0.3206484983093110,0.9998098807409410,0.02941467790515160,0.9466993662645110,0.966307869181037
38100,0.2161677682888690,0.295656831440283,0.9995942981913690,0.0773534806794487,0.9369369643973190,0.9440440619364380
38200,0.1876790969108700,0.34608049850794500,0.9753337949514390,0.11484926159028000,0.8791532381437720,0.9730535121634600
38300,0.18390045349951800,0.3282496932661160,0.9996138289570810,0.02747439852100800,0.9209487077314410,0.9248571533244100
38400,0.1803857445192990,0.35847793344873900,0.9995205467566850,0.06070600982639010,0.9495405368506910,0.9378242953680460
38500,0.22083103231852900,0.2746408718521710,0.9687456283718350,-0.029447727429214900,0.8734233458526430,0.9699731012806300
38600,0.17706313059898100,0.32443775690626400,0.999880594201386,0.040060328610707100,0.9721449955832210,0.9552958277054130
38700,0.17988418700406300,0.26855126180453200,0.9999179197475310,0.012848905695136600,0.8714738300768660,0.9525341610424220
38800,0.20493425110180400,0.31425305554876100,0.9943134468048810,-0.004706113249994810,0.9289800482802090,0.9813191741704940
38900,0.20177597278961900,0.3393691099481660,0.9998376872390510,0.01123373064910990,0.9082448603585360,0.9631854938343170
39000,0.1798321983369530,0.30933663266478100,0.9968149978667500,0.005793178890598940,0.908346657641232,0.9657503357157110
39100,0.1564878016070000,0.3005949647631500,0.9983026143163440,-0.011829325405415100,0.9314812698867170,0.9794818218797450
39200,0.17759510182077100,0.3017719269846570,0.9997347397729750,-0.04982662608381360,0.9484900535317140,0.9670864250510930
39300,0.19295777825755100,0.37460640259087100,0.9996628444641830,0.05720691027818250,0.9412459302693610,0.9747570380568500
39400,0.21786401694407700,0.30274677340639800,0.9998576501384380,0.03614513814682140,0.9214187695179140,0.9569451774004850
39500,0.16595407170825600,0.22416418173816100,0.9693641103804110,-0.021747724269516800,0.949198528425768,0.9806961072608830
39600,0.18488294526469000,0.30460752616636500,0.9998373296111820,0.043730834586313000,0.9578245612792670,0.9780795676633720
39700,0.19680025355774000,0.3019477286725310,0.9999168245121840,0.003228880428650880,0.9272409177501690,0.9491898361593490
39800,0.19430579667096000,0.3455292707658370,0.9681598655879500,0.08257904910715300,0.9366488957457480,0.9758043941110370
39900,0.2025415498064830,0.29847129093832300,0.9998220931738620,-0.016216081741731600,0.9276552016381170,0.9698640089482070
40000,0.21752685401588700,0.29852240317268300,0.9999316334724430,0.05283413649885920,0.9171687279595060,0.9723067311570050
40100,0.18291545187821600,0.2925761466030960,0.9999073520302770,0.06045672355685380,0.9073967792792250,0.9622723739594220
40200,0.1383930396696090,0.2958014528849160,0.9998517967760560,0.010923743655439500,0.9078350791241970,0.9761628778651360
40300,0.17591781535884400,0.23551947838859600,0.9997491259127860,0.02205993828829380,0.9453620917629450,0.9200147623196240
40400,0.15694134894874900,0.34075759758707100,0.9725382179021840,0.08296774857444690,0.9618481947109100,0.9390034424141050
40500,0.2289764613378790,0.27101516412221800,0.9686893001198770,0.04446266112790910,0.9440861959010360,0.9744746694341300
40600,0.18010721518658100,0.3102397774346170,0.975458538159728,0.04098836297634990,0.8747113475110380,0.9243699088110590
40700,0.19678786187432700,0.3026334057067290,0.999770998954773,0.06873451237333940,0.9028617780422790,0.9445151688996700
40800,0.14344893442466900,0.3257429137593140,0.9998674318194390,0.019074601819738700,0.8589611873030660,0.9802388604730370
40900,0.1980065648094750,0.3131461364682760,0.9997964166104790,0.05434974638046700,0.8999269727355570,0.9718467239290480
41000,0.14530205822666200,0.31489407317712900,0.987194515299052,0.014105849058978500,0.9351357812993230,0.9638716850895440
41100,0.20487871643854300,0.2936123616527770,0.9997831340879200,0.05452351528219880,0.9168953164480630,0.9625055193901060
41200,0.19311152753653000,0.28842579934280400,0.9998726649209860,0.019640773651190100,0.9268197946366850,0.9547935256268830
41300,0.14562226389534800,0.28591781531577,0.998046345077455,-0.043999868677929000,0.9146774713881310,0.9726055581122640
41400,0.17709272087086000,0.3169478216441350,0.9998290129005910,-0.024493338947650000,0.9146310467040170,0.9710383648052810
41500,0.19222331055789300,0.3418202210596060,0.9998859679326420,0.06080536649096760,0.8697896515950560,0.9775457261130210
41600,0.2060739724256560,0.35825273481896100,0.9998970115557310,0.058833543269429400,0.9166445324663070,0.9690536977723240
41700,0.1662866619299170,0.3481693093199280,0.9992305804044010,-0.003371457278262820,0.9483158285729590,0.958285054191947
41800,0.19346585631137700,0.2628394501807630,0.9997331807389860,0.0490381981653627,0.8889268893981350,0.9732086434960370
41900,0.18352454781415900,0.309129505592864,0.9697182755917310,0.0013253201905172300,0.9122429190902040,0.9587332140654330
42000,0.18613990844460200,0.2992291921109430,0.9998088218271730,0.06916240864666180,0.8777174033166380,0.9712638035416600
42100,0.19811860790650800,0.29981755960034200,0.9995832117274400,0.07538765133358540,0.919307773699984,0.967656278051436
42200,0.17372169488226100,0.3532159376773050,0.9396943673491480,0.0387181044643512,0.9331149025820200,0.9689751779660580
42300,0.17189786559902100,0.3567679762199990,0.9998644161969420,0.03626814251765610,0.9249657113105060,0.9516417466802520
42400,0.18356856313766900,0.2913171046238860,0.9705514553934340,0.054483423358760800,0.9552101464942100,0.9775031143799420
42500,0.1908405161520930,0.32902730960631700,0.9688671976327900,0.052210489331628200,0.9031811244785790,0.9611087935045360
42600,0.1919255298562350,0.31381705385865600,0.9997986108064650,0.07745081122266130,0.9360147430561480,0.9648396112024780
42700,0.19823029753752100,0.2840121570043270,0.9997823098674420,0.02199269988341260,0.9037385547999290,0.9742801822721960
42800,0.17377511312952300,0.3024927779624700,0.9734907271340490,0.020583653269568500,0.9595260098576550,0.9335911851376300
42900,0.1842161528620640,0.2734216010430830,0.9692469537258150,0.06627843022579330,0.9534455379471180,0.962604652158916
43000,0.1824064435204490,0.2584948782459830,0.9998877728357910,0.050324350711889600,0.9336310490034520,0.9503875491209330
43100,0.19179018886643500,0.3268888621823860,0.9996264316141610,0.04113009924185460,0.9248550075571980,0.9468423775397240
43200,0.16129613580415000,0.3356165415025320,0.9930604863911870,-0.01313759753247720,0.9494698869530110,0.9550177827477460
43300,0.17986712252604800,0.3218716340488750,0.9762896485626700,0.028028913686284800,0.9315484152175490,0.9703142247162760
43400,0.20334270247258200,0.3070438584545630,0.9435676909051840,0.05899414364830590,0.8998422937002030,0.9430796932429080
43500,0.2002696802956050,0.3045281708764380,0.9998228112235670,0.04387168963148720,0.8736987239681180,0.955951573792845
43600,0.17844038316980000,0.3174421861767770,0.9942853543907400,0.03197927659493870,0.957918141502887,0.9606676688417790
43700,0.1615237237274410,0.3019419417832980,0.9997800979763270,0.047242055530659900,0.9208090758475010,0.9615185596048830
43800,0.1997468568297340,0.33190469816327100,0.9998472696170210,0.06282800986809890,0.8964694566093390,0.9450398720800880
43900,0.19441858807113000,0.3272729310556320,0.9992069890722630,0.06286621757317330,0.8921511566732080,0.9644199702888730
44000,0.1851309777557620,0.3295202786393930,0.9687870480120180,0.019814175262581600,0.9278528871946040,0.9675905546173450
44100,0.18181337462738200,0.35677033627871400,0.9994895420968530,0.018126772833056700,0.916006984654814,0.9806209849193690
44200,0.19467893370892900,0.37067086971364900,0.9729970963671800,0.04705288296099750,0.9344532509567220,0.9628261346369980
44300,0.18389961798675400,0.26182841512491000,0.9996707141399380,0.07991702697472650,0.9575721174478530,0.9245956051163380
44400,0.17047750897472700,0.29179015127010600,0.9992672381922600,0.0028136285254731800,0.9062408050522210,0.9472780451178550
44500,0.2012675451405810,0.3057033324148510,0.9999214522540570,0.014279274255386600,0.9185854750685390,0.968668413348496
44600,0.17792980099329700,0.31549901847029100,0.9999040057882670,-0.006449581065680830,0.914022168260999,0.982191065326333
44700,0.18047791669960100,0.32825163181405500,0.999865522608161,0.004474671324715020,0.8895106101408600,0.9649638812989000
44800,0.18976398650556800,0.24406795564573300,0.9309341805055740,0.045898674812633500,0.9632530026137830,0.9597384831868110
44900,0.23019572021439700,0.31880819267826200,0.9651862159371380,0.002811237907735630,0.9439687739359220,0.9781583165749910
45000,0.18027788866311300,0.2953902467270380,0.9713254012167450,0.019790268168435400,0.9139116225996990,0.918470177333802
45100,0.17654845642391600,0.30520023696590200,0.9664559653028850,0.07579623797209930,0.9274355135858060,0.9528054692782460
45200,0.1967322274867910,0.3310670301434580,0.9731491571292280,0.0176792424172163,0.9241735129617160,0.9878677614033220
45300,0.17887575435452200,0.3626758780446840,0.9469362320378420,0.04397844965569680,0.9106906871311370,0.967368301935494
45400,0.1935648801154460,0.3278276516648480,0.9595553847029810,-0.00047569797607138800,0.9704444454982880,0.9760638354346160
45500,0.15489157711272100,0.3340115323662760,0.9459598260000350,0.04591224843170490,0.9081544225336980,0.9733828930184250
45600,0.1634636626986320,0.3484057541063520,0.9809058101382110,0.08943303237902,0.9519373131915930,0.9643554673530160
45700,0.17297812382457800,0.36733035393990600,0.9681645771488550,0.026211048127152000,0.9053477523848410,0.9834958054125310
45800,0.19545815384481100,0.32519309245981300,0.9620848847553130,-0.009800882493436800,0.8397853784263130,0.9723714217543600
45900,0.1544816478563010,0.33249989233445400,0.970742498524487,0.008313405909575520,0.9070409548003230,0.9833628172054890
46000,0.22011159139219700,0.3539430512464610,0.9981152694672350,0.06678115730755960,0.8382972001563760,0.9516740143299100
46100,0.18307283951435200,0.3516258676536380,0.9989756979048250,0.03330535697750750,0.849545598262921,0.9689240138977770
46200,0.21511056640883900,0.37890326080378100,0.9991500331088900,0.015829703683266400,0.9132546624168750,0.9784988611936570
46300,0.17746229271870100,0.3301461748487780,0.9691124353557830,-0.025022590591106600,0.9483714746311310,0.9694804619066420
46400,0.1726569997263140,0.25865516072372000,0.9992264593020080,0.06280702305957680,0.9250436862930660,0.9676295182434840
46500,0.1604211594676600,0.28837181389099000,0.9689177135005590,-0.0024486270849593000,0.916445815586485,0.9724409962072970
46600,0.17921710497466800,0.3635995361255480,0.9992113504558800,0.042842100257985300,0.9252808829769490,0.9859937960281970
46700,0.159201999718789,0.2993212770088580,0.9995615836232900,0.03575216804165390,0.8544402144907510,0.973401696421206
46800,0.20928495976841100,0.3081840598169950,0.9689265917986630,0.03438891324913130,0.9469480095431210,0.9754676232114430
46900,0.21326068066991900,0.31423549563624000,0.9994930271059280,0.07694206364976710,0.9431234374642370,0.9838093854486940
47000,0.20230732852360200,0.3140605896478520,0.9763563480228190,-0.0030911994399502900,0.9415983492508530,0.9797456758096810
47100,0.1365716881409750,0.35941458883462500,0.9917931035161020,-0.0021989497472532100,0.9399586518993600,0.9541370323859160
47200,0.1598565186286580,0.3515804558410310,0.9406703840941190,0.006751951645128430,0.9055619407445190,0.9862855421379210
47300,0.1823630522703750,0.32348199986154200,0.9687246195971970,-0.03787405864568430,0.8527492707944480,0.979090278968215
47400,0.17529697448480900,0.316221895016497,0.9993310309946540,-0.029524031677283300,0.916424828581512,0.9715659441426400
47500,0.18313529784791200,0.30783312348648900,0.9991865176707510,0.011461141024483400,0.9575987034477290,0.9787201955914500
47600,0.17745154912699900,0.2948005113285040,0.9995954651385550,0.030355470487847900,0.9531710101291540,0.9780125366523860
47700,0.2326112019654830,0.30223002523416700,0.9996537296101450,0.012391011012368800,0.8650411320850250,0.9656970514915880
47800,0.20916899148142000,0.34013332094764300,0.9992493381723760,-0.02265809045638890,0.8633460508426650,0.9134225687012080
47900,0.1849474391201510,0.33152811462059600,0.9689176036044960,0.02817564198630860,0.9044343120767740,0.9762539491057400
48000,0.16621589224087100,0.2750621208688240,0.996688318438828,0.04572008099057710,0.9153593755327170,0.9782111216336490
48100,0.18480856891255800,0.3255229707574470,0.9997888775542380,-0.0074605839618016000,0.9162133554928010,0.9484221409074960
48200,0.17959530287771500,0.31209204345941500,0.9984930576756600,-0.02719732522382400,0.9574510725215080,0.981165150180459
48300,0.17449486776604300,0.28016843332443400,0.9998366646468640,0.023979980091098700,0.9820143645629290,0.9806003738194700
48400,0.17129823385039300,0.27203617623308700,0.9710320960730310,0.047156426764559,0.9294103553984310,0.9515060661360620
48500,0.15155976900132400,0.36121959681622700,0.9998236121609810,0.07605054855230260,0.9075256679207090,0.9764509489759800
48600,0.1858003832749090,0.3163784262724220,0.9989367881789800,0.08866642223438250,0.9002979705110190,0.9650853727944200
48700,0.17313276836648600,0.2478900690912270,0.9687830349430440,0.06672006900771520,0.9190215097041800,0.9698614468798040
48800,0.2004743870929820,0.27202906750608200,0.9686327315866950,0.015979944175342100,0.9120015788357710,0.9745126441121100
48900,0.1649292673682790,0.31228775245836000,0.9998685084283350,0.11931925395038000,0.948191499337554,0.9792665028944610
49000,0.18120021143113300,0.25341465658857500,0.9996787020936610,0.0693453332351055,0.9420599159784620,0.9607706936076280
49100,0.1710557617188900,0.32873487437609600,0.9774923380464320,0.00008136618998833,0.9226643873844300,0.9740547453984620
49200,0.19188527710503000,0.3538667371030900,0.9998478852212430,0.06454333575675260,0.8847520560957490,0.9709458253346380
49300,0.17194690828910100,0.292731252964586,0.999752446077764,0.035326000390341500,0.9250269794138150,0.9801672305911780
49400,0.2029532786400520,0.3124779845238660,0.999662833288312,0.0477172268438153,0.899599523327197,0.9791268091648820
49500,0.21210078595322600,0.30569646833464500,0.9684020522981880,-0.018432001525070500,0.8793947271769870,0.9666570164263250
49600,0.17631912184879200,0.3209196602110750,0.9997570682317020,-0.013821866712532900,0.9301701127551500,0.9854730674996970
49700,0.19881121849175500,0.34685686766170000,0.9983969172462820,0.046014875726541500,0.8867587505374100,0.9715764373540880
49800,0.16489220084622500,0.3588504093931990,0.9995918050408360,-0.004191377112874760,0.9241580283269290,0.9804274272173640
49900,0.1830359758459960,0.38266666734125500,0.9686477333307270,-0.01212361635407430,0.9304974754340950,0.9809031337499620
50000,,,,0.035488280351273700,0.9184313656296580,