Step,polynomial_neg-cft_noskewed - excess_loss,polynomial_uft_noskewed - excess_loss,polynomial_cft_noskewed - excess_loss,sumdot_neg-cft_skewed - excess_loss,sumdot_uft_skewed - excess_loss,sumdot_cft_skewed - excess_loss
0,262.9134533110120,248.9837681361610,242.38764241536500,8.651349567231680,9.697225588843940,4.986865234375
100,175.05553588867200,181.4872273763020,108.23990943545400,7.964967872982930,2.7614137422470800,3.3272982279459600
200,183.7007321312310,151.04900774274600,79.66250523158480,8.651254980904720,2.436450685773580,4.0010466893514
300,205.87061128162200,151.95421229771200,59.497248477027500,7.699994332449780,2.1925875845409600,3.917706453232540
400,198.54645385742200,192.69826020740300,133.7788135346910,7.108313660394580,2.2768576712835400,3.977024741399860
500,190.47171892438600,183.61591128394700,66.45699680873330,7.798509343465170,2.323425424666630,3.6061644145420600
600,152.1442429315480,164.0883361816410,58.90551045735680,7.844642893473310,2.0142674082801500,4.114234497433620
700,155.24810442243300,208.7705833798360,59.14133576892670,7.6688866024925600,2.0971432776678200,3.6873395919799800
800,194.23853672572500,166.16314610072500,43.49447530110680,6.893590781802220,2.0102890105474600,4.335213107154480
900,165.15823713030100,164.94732898530500,92.680419921875,6.158731360662550,1.9049663907005700,4.164411799112960
1000,164.0984174455920,144.69479660760800,49.05162607828780,5.870425160725910,2.06395632425944,4.062250001089910
1100,198.83741629464300,174.98663533528600,56.1760499500093,4.503804670061380,2.0049977620442700,3.956358746119910
1200,184.88806908017100,188.89644397553900,44.248422168550000,4.660881651015510,2.2415006319681800,3.4360479264032300
1300,146.07533394949800,162.1907706124440,32.81461544945130,4.559336898440410,2.024432645525250,3.570014935448060
1400,185.2006597609750,196.21677623930400,28.811790611630400,4.466733160473050,2.2122717811947800,3.926211774916880
1500,132.93247593471000,179.96046404157400,41.10921071370440,4.22108204251244,1.7110997972034300,3.927978751772930
1600,173.46491263253300,172.2387997581850,34.86044769287110,3.605647541227800,2.0177946590241900,3.390790975661510
1700,169.80031360444600,197.22626110258600,38.01833808535620,3.5573932466052800,2.1864485967726900,3.866113708132790
1800,191.57168491908500,146.05492117745500,30.367960611979200,3.45664130619594,1.9532454490661600,3.8103059132893900
1900,159.62755562918500,168.9233151390440,37.05694180443170,3.2448550723847900,2.067811089470270,3.6692184902372800
2000,157.6552743094310,177.5422595796130,24.287735530308300,3.1262404668898800,2.0833798499334400,3.733213588169640
2100,162.63426281157000,206.0099615187870,27.16829136439730,3.1860279628208700,2.0795420283363000,2.0349021230425200
2200,181.2112795875190,186.7773170107890,34.207626270112500,2.906969438280380,2.1902167819795200,1.183985185623170
2300,163.9945303780690,171.79112490699400,17.73324417840870,2.55502507346017,2.068475614275250,1.195011381875900
2400,189.065334937686,201.31793154761900,19.933932858421700,2.906702622913180,2.0585313887823200,1.123942418325520
2500,130.39722871326300,148.1018824986050,38.9308593023391,2.5838366644723100,1.9910578228178500,1.1193879377274300
2600,162.0775649297810,163.40508626302100,9.906965927850630,2.6340026083446700,2.332671424320770,1.1239745367141000
2700,149.19354277111200,151.38682541620200,26.889927528018000,2.71120422908238,2.104460498264860,1.1451117878868500
2800,180.7105768112910,137.12506626674100,13.799510556175600,2.594100398109070,2.155373078300840,1.085882500239780
2900,193.52081269763800,152.11384422665600,12.86228517804830,2.615638337816510,2.104763621375670,1.0677347728184300
3000,176.71602492559500,162.94351690383200,10.756488927205400,2.544898005894250,2.2157109623863600,1.0165809790293400
3100,169.73671584356400,161.55624680292000,18.062811242966400,2.6572444052923300,2.058064415341330,1.0518761089869900
3200,171.62931227911100,154.83257998511900,15.13948004586360,2.6325912611825100,2.0252194994971900,1.1157984983353400
3300,172.9430940173920,170.5580290294830,13.209901101248600,2.295165338970370,2.1612979434785400,1.0313100065503800
3400,185.9072062174480,240.04261648995500,27.02240498860680,2.5469761121840700,2.00160159156436,1.0412348679133800
3500,190.91759440104200,173.83834838867200,13.865020897274900,2.4147073745727500,1.9276792117527600,1.0029294536227300
3600,167.5759053548180,202.3782278878350,7.611358751569480,2.318304357074560,1.9203087397984100,1.0364221368517200
3700,187.26775977725100,160.92242606026800,4.239146169026690,2.3945947465442500,1.9459958167303200,1.0495703810737200
3800,174.94073341006300,175.66260434105300,6.293590981619700,2.38801783152989,2.0216172127496600,0.9507796174003960
3900,162.72220575241800,207.82308756510400,3.589017105102540,2.272577081407820,1.9852387155805300,1.109502363204960
4000,145.8280569893970,166.94906761532700,4.247398639860610,2.282310349600660,2.055839588528590,1.070263467516220
4100,177.53857741583000,182.45126313709100,8.99253659929548,2.421143154870900,2.133051263718380,1.0221562658037500
4200,184.95780378069200,155.14300188337100,1.8732628413609100,2.3972429775056400,2.025398431505480,1.0968686648777600
4300,192.69901093982500,152.75511271158900,2.674017465682260,2.573213577270510,1.9250583512442500,1.0394041197640600
4400,187.8701212565100,185.950534202939,10.830256580171100,2.5278119541349900,2.093470982142860,1.0322015013013600
4500,130.36773565383200,165.92317388625400,3.189158993675600,2.379748975662960,2.114624245961510,1.0528075422559500
4600,139.0471676781060,187.85953950427800,3.7621931257702100,2.359557215372720,2.053035141172860,1.016382124310450
4700,170.66037888299900,191.7655049641930,9.324292555309480,2.1328632082258000,1.8056094124203600,1.03468504406157
4800,159.68395589192700,158.58599185035300,7.178019314720520,2.616316082364040,2.024817321414040,1.0293971470424100
4900,155.8390380859380,163.22722226097500,4.47239567892892,2.3028618358430400,1.8292919295174700,0.9541055929093130
5000,170.15486188616100,246.44474341982900,4.225078873407270,2.2890205792018300,1.9285409155346100,1.0261442525046200
5100,145.17227434430800,174.53602905273400,12.498844292050300,2.257218719664070,1.8392173494611500,1.0578624180385000
5200,167.01606154668900,181.51675618489600,3.2491900307791600,2.4402587164016,1.9367099716549800,1.026841640472410
5300,232.3195818219870,191.54742315383200,1.3429148855663500,2.3830334300086600,2.079637173243930,1.0227862517039000
5400,192.71311994280100,187.13480864025300,2.6243049031212200,2.2773473603384800,2.0053306761242100,0.9858612764449350
5500,192.15909133184500,149.94854125976600,1.9960273288545200,2.4243246441795700,2.1851569720677000,0.9280957494463240
5600,147.2995640345980,166.38470749628000,2.6160596938360300,2.3809173402332100,2.0138661611647800,1.0486468610309400
5700,189.81683000837100,170.30286342075900,6.250496110462010,2.3535275232224200,2.134011836279010,1.0622993174053400
5800,183.8192644391740,172.21688552129800,0.6173516897928150,2.4015408833821600,2.049373086293540,1.010590108235680
5900,185.5045633951820,179.63179815383200,5.163525308881490,2.4009366852896600,2.057712695712140,1.1022048791249600
6000,184.66301618303600,167.19296032133600,1.804189127967470,2.3448697090148900,2.1486689930870400,1.0714686053139800
6100,156.16043497721400,156.64708833240300,0.27008771896362300,2.214171700250540,2.145034681047710,1.073983335495000
6200,165.39069010416700,145.0883829752600,0.25443763846442800,2.1556302116030700,1.995817674909320,1.051839894340150
6300,137.77242402576300,161.41500186011900,0.9832514013562880,2.520494361150830,2.1800035067967000,1.01376861844744
6400,194.08756801060300,170.39063953218000,0.6519401686532160,2.218574246906100,2.1226828893025700,0.9868506159101210
6500,175.85777093796500,127.31230236235100,2.8817059516906700,2.3365343820481100,1.985792641412640,1.0552049704960400
6600,171.98560035342300,142.1085472470240,2.7375033242361900,2.408823658171150,2.1260816664922800,1.0644965875716400
6700,157.91469406854500,160.68998500279000,2.1057081812904000,2.3512406939551900,2.0493360337756900,1.02044449533735
6800,143.33973650251100,169.36952427455400,0.7734342109589350,2.111305718194870,2.0119574910118500,0.9876639093671530
6900,170.1042768205920,154.61800159272700,1.392299933660600,2.0700604938325400,1.9048071952093200,1.0488208589099700
7000,159.7928478422620,153.0802990141370,0.8923256397247310,2.369197572980610,2.053091557820640,1.0154284409114300
7100,153.02996419270800,145.94778093610500,0.43634250618162600,2.583124287923180,2.131801904950820,1.0937205973125600
7200,171.99993576776400,145.43992832728800,0.9609668254852300,2.122882674989250,2.0565320423671200,1.144513175601050
7300,166.6367867606030,173.11611996605300,1.2125551904950800,2.142896806626090,1.9292549678257500,0.966605418069022
7400,190.7920671735490,135.24146670386900,1.167153753553120,2.211065805526010,2.099772330692840,1.03486453465053
7500,156.68399338495200,152.01696399507100,0.23614854358491400,2.1441692533947200,2.0467222486223500,0.9472986357552660
7600,176.66303274972100,151.86722266787600,0.8393724714006700,2.3356631823948500,1.852087234315420,1.074336172285530
7700,187.8584431966150,156.85572044735900,10.245333244687000,2.307356734502880,1.994859709058490,1.1142086846487900
7800,161.26763189406600,158.1527119954430,2.4807712691170800,2.2440954253787100,2.1792026883079900,1.0835686729067800
7900,171.00159272693500,200.2221005394350,0.0919884497211093,2.518751961844310,2.0460465522039500,0.9590467975253150
8000,153.95645141601600,181.60791655040900,0.928303169068836,2.248225384666810,2.132299414135160,0.9581933793567480
8100,168.21722150530100,222.42500000000000,1.5557950996217300,2.3368710199991900,1.910159142812090,1.0562420686086000
8200,183.75907476516000,185.44337274460600,1.4598104590461400,2.184779930114750,2.048995858147030,1.0175593330746600
8300,217.4662812732520,168.9433585030690,0.6816873357409520,2.238852587200350,2.0170895440237900,0.976283479872204
8400,161.9806131998700,153.56449759347100,0.19474610203788400,2.259208756401430,1.9798337028140100,1.0690879344940200
8500,140.65304391043500,161.3084216889880,1.9871267182486400,2.131358764285130,2.089185365041100,0.9684031168619790
8600,122.557568359375,153.042631312779,0.976997811453683,2.2550631568545400,2.220488502865750,0.9915585199991860
8700,180.65404546828500,198.38362833658900,1.1779328709556900,2.16004448845273,2.0955030986240900,1.0083544821966300
8800,146.39357299804700,197.36960332961300,0.10233901937802600,2.401652785709930,2.0788888613383000,1.1012946719215000
8900,163.5731669108070,181.77019391741100,1.52814591498602,2.2492872465224500,1.8696687471298900,1.0767970925285700
9000,193.61990937732500,176.5640909830730,0.5154794227509270,2.1451182819548100,2.1616183825901600,0.9762119815463110
9100,197.90854579380600,181.255274890718,4.182002993992400,2.3717551276797300,2.033349827357700,1.056634471530010
9200,177.66870436895500,178.49984857468400,2.3496556282043500,2.351514957064670,2.1289957818530900,0.9915080615452360
9300,142.25989728655100,172.42085832868300,0.07722783329940980,2.3024002620152100,2.1652625628880100,0.956867029553368
9400,191.5352803548180,147.91558169410300,0.39520522753397600,2.287805666242330,2.090321145738870,0.998238586244129
9500,200.19841076078900,179.45367199125700,0.2021370320093060,2.218692852201920,1.9984526861281600,1.0199435415722100
9600,170.09430280412900,175.85880766369000,0.12480692608015900,2.2530900637308800,1.9695524669828900,1.009470340183800
9700,170.84491606212800,163.4413597470240,0.07760151794978550,2.192112977164130,1.9796586808704200,1.1223095939272900
9800,135.20919712611600,166.88077479771200,0.6441876740682690,2.2217626253763800,2.151450911022370,0.9202764579227990
9900,172.70240681966100,190.55524088541700,0.3914094391323270,2.1098128182547400,2.170311201186410,0.965766057514009
10000,145.29310651506700,156.0397219703310,0.21349846976144000,2.2310389745803100,1.9113038608006100,1.0288762705666700
10100,163.46158185686400,151.824562000093,0.21319869813464900,2.0732825733366500,2.236157063075470,1.051998251960390
10200,163.64620245070700,143.7297598702570,0.28269267366046000,2.003499648684550,1.9225788116455100,1.0630341302780900
10300,173.46554420107900,211.09475562686000,0.19066368029231100,2.2837002845037600,1.9991632007417200,1.0064297993977900
10400,171.2906962076820,136.17125476655500,0.08140208337988170,2.141151055835540,1.8926280884515700,1.0588832242148300
10500,141.6981706891740,160.60572422572500,0.21062580574126500,2.201543308439710,2.017189529963900,1.0119905630747500
10600,159.6371364048550,171.13343563988100,0.09752198840890610,2.2432156608218200,2.213557633899510,1.0017075584048300
10700,175.8589625767300,139.72451898484000,0.1935218328521370,2.243700136457170,2.042688551403230,0.9817693937392460
10800,188.0795875186010,149.7475118001300,0.122170809337071,2.3054674284798800,2.031702386765250,0.9735804149082730
10900,190.4866739908850,201.9670648484000,0.34545714855194100,2.2994137173607200,2.103990918114070,1.0282503809247700
11000,175.70113002232100,214.1739025297620,0.15936670785858500,2.274306447165350,2.036331158592590,1.0035598119099900
11100,204.5496797107520,156.26784929548000,0.3356958815029690,2.250355438959030,1.8692317508515900,1.1017398607163200
11200,192.2375249953500,172.07093360537600,0.24013857841491700,2.206597904931930,2.1587906610398100,1.0283726169949500
11300,182.45220453171500,194.6589587983630,0.166560412304742,2.4332522528512100,2.0137656166440000,0.9981979960487000
11400,158.7665489560080,195.28685709635400,0.36987724815096200,2.591119253067740,2.193390078771680,1.1341427530561200
11500,138.19054623558400,225.93330368768600,3.1054087593441900,2.17656060173398,2.147138295854840,1.0585548718770300
11600,172.4859337216330,171.03578084309900,0.0616792224702381,2.110163234529040,2.1576982634408100,1.0362145310356500
11700,155.97972295851900,135.21227155412900,0.5982386418751310,2.3520554769606800,1.9481659026373,1.1106918607439300
11800,165.90587129138800,147.16722063337100,0.16317142191387400,2.154188328697570,2.191021696726480,1.0861356303805400
11900,211.9427257719490,150.78216407412600,0.41235249042511000,2.261721810840430,2.014329596928190,1.0034022921607600
12000,157.16899036225800,192.49254760742200,1.582250504266650,2.257249069213870,1.8859219551086400,1.0804723671504400
12100,150.52068277994800,181.58849283854200,0.05118605764139270,2.282898721240820,2.040554587046310,1.0205882367633600
12200,205.33506498790900,153.76719534737700,0.08057132845833190,2.2074432236807700,2.041344792502270,0.9742238998413090
12300,173.83006649925600,181.67034650530100,6.505747368222190,2.0830759820484000,1.7775975227356000,1.0194289025806200
12400,139.64675263904400,157.23790283203100,0.1641433522814800,2.258100718543640,1.9485902377537300,1.0241274038950600
12500,158.52335931687100,164.775196765718,0.1572621620836710,2.170968464442660,2.0157511847359800,0.9470326582590740
12600,152.82420392717600,162.96725434802800,0.13525087180591800,2.2313428424653600,2.362011991228380,1.0777234054747100
12700,205.07738502139100,175.16305745442700,0.07225232252052850,2.260299292064850,2.1103088378906200,0.9928398109617690
12800,166.6369893391930,164.4723179408480,0.512382698059082,2.000158405303960,2.1978101276216100,0.9861872082664850
12900,196.62588966006300,173.5535467238650,4.738155701046900,2.6244240669977100,2.1517510550362700,1.0254329000200500
13000,174.637937999907,187.38325340634300,0.09089115290414720,2.454735079265780,1.8764715149289100,0.9833829471043180
13100,143.8293451218380,201.41462111700100,0.3813981374104820,2.351473249707900,2.307394159407840,1.010817357472010
13200,176.19835321335600,222.87207903180800,0.08629922994545530,1.981417651403520,2.0433854738871300,0.9866947719029020
13300,155.6658453078500,162.71935773577000,0.11415438538505900,2.2703314009166900,2.057260245368590,1.1216859386080800
13400,185.98369750976600,165.45056995210200,1.283731494631090,2.259058312007360,1.9640262422107500,1.0650304044996000
13500,166.56422787620900,203.34498058500700,0.123671122108187,2.0498603548322400,2.133372819991340,1.008711694535760
13600,147.64886910574800,194.77125883556500,0.08156383903253650,2.19294768288022,1.9472055162702300,1.0527468431563600
13700,177.7602818080360,133.7378688267300,0.08427357787177680,2.2218551635742200,2.1456156049455900,0.9997558775402250
13800,191.55205862862700,152.16574009486600,0.12293468004181300,2.3162372362046000,1.9422391755240300,1.0574984096345400
13900,177.10141281854500,170.53336210705000,0.249725079536438,2.2729256357465500,2.0891559464590900,1.0851117520105300
14000,155.95734398251500,209.41778622581800,0.15122849004609200,2.197895031883600,1.9350122588021400,0.9631392388116750
14100,164.77178867885000,176.20895879836300,0.06336767801216670,2.303185440245130,1.9646127519153400,1.0168768405914300
14200,164.61338413783500,175.37151082356800,2.2577415511721700,2.236756792522610,2.093643024989540,0.970991952078683
14300,191.05944707961300,164.38648420061400,0.0818355361620585,2.189167395092190,2.1288617224920400,1.1207234110151000
14400,183.5335452125190,186.35274803524900,0.11653726725351200,2.3099954695928700,2.04433506102789,0.9862013589768180
14500,173.76188092912900,159.4139424641930,0.09039018168335870,2.1413741157168400,2.0958758581252300,1.1244705563499800
14600,200.80323893229200,126.16872238885800,1.7104233560108000,2.1167820430937300,1.8041801906767300,1.0993877706073600
14700,160.02101091657400,168.92692580450100,0.5979614927655180,2.2680803208124100,1.978004537309920,1.016787002200170
14800,139.75149768647700,147.36820242745500,0.18030850234485800,2.113949852898010,2.061566157568070,1.0582709267025900
14900,171.37582688104500,136.21513090587800,0.1395168920358020,2.2745954195658400,2.0848800114222900,1.0458190463838100
15000,161.8512012300040,184.63777727399600,0.06795401516414820,2.375522195725210,2.063177476610460,1.0758081254505000
15100,203.7707054501490,178.45442330496700,0.06704540224302380,2.1962371644519600,2.0248549325125600,1.0017316704704600
15200,165.04605625697500,159.97972063337100,0.061719958129383300,2.276354390098940,2.054082293737500,1.0816358906882100
15300,155.16601242792000,201.90042840866800,0.09581427347092400,2.4010625521342000,1.8586883544921900,0.9750452927180700
15400,161.53392740885400,194.99173583984400,0.12433521634056500,2.197662848518010,2.099414652869820,0.9906374204726450
15500,143.76320917038700,146.66581479027200,0.17867318760781100,2.3715843881879500,1.9409853481111100,0.9806399436224080
15600,201.63898286365300,166.76488792782700,0.06937739508492610,2.0172405469985200,1.8857299895513600,0.9503802322206040
15700,174.12778552827400,167.8896519252230,0.07659750410488670,2.289405999864850,2.043991347721650,1.0247491041819300
15800,182.04802449544300,186.5685776483450,0.1350518076192770,2.0695866312299500,1.9584206989833300,0.9647376174018500
15900,186.11297839936800,148.6773725237170,0.06512126056920910,2.1116579964047400,2.0182735488528300,1.106653508685880
16000,160.43672601609000,169.894190906343,0.07274305891423000,1.884353646777930,1.8515599341619600,1.0977051394326300
16100,200.8520484561010,148.7159220377600,0.15567941211518800,2.278369004385810,2.1255759647914300,1.068596942084180
16200,145.09274437314000,138.5365981329060,0.6699892600377400,2.1056789489019500,1.9134320531572600,1.0271706444876500
16300,185.5153596423920,139.92439255487400,0.08233145688261310,2.0631419136410700,2.011341376531690,1.085433308283490
16400,181.57525373186400,158.84698457263800,0.10271930808112700,2.0908123243422700,2.0582049914768800,1.0750772226424400
16500,198.2460655575710,188.77611229306200,0.12515585280600000,2.1259477933247900,2.1696083205086800,0.9864243257613410
16600,167.61725521995900,179.6392101469490,0.10807655056317600,2.0767265955607100,2.007973135085330,0.9828064918518070
16700,170.2135500953310,197.3661594935830,0.13433632396516300,2.04786901473999,2.149393286023820,1.098549154826570
16800,176.31390642438600,201.63726690383200,12.822091202508800,2.0704267365591900,2.0905607768467500,1.003344944545200
16900,204.52837320963500,185.20469941638800,0.44668844427381200,2.256153506324410,1.9541311718168700,1.0019901071276000
17000,186.13499988374300,146.0825433640250,0.07283684810002640,2.2748577662876700,2.034879779815670,0.991386942636399
17100,155.01561569940500,165.44798409598200,0.08788979422478450,2.1831643286205500,1.8976069041660900,1.1280563649677100
17200,174.9656744094120,179.26588163830000,0.22613116729827200,2.4458815756298200,1.8669499488104000,1.0180344059353800
17300,234.79864327567000,154.40768926711300,0.09201333565371380,2.3024261429196300,1.8778672218322800,1.0716293834504600
17400,166.6526355561760,163.02461983817000,0.7448032742454890,2.0734713736034600,2.140914403824580,1.1437412171136800
17500,136.37220081147700,179.89264787946400,0.0621850114493143,2.1759852636428100,2.126090976170130,1.0342163017817900
17600,160.032808140346,151.4945853097100,0.19228112044788500,2.247300933656240,1.8517116819109200,0.9366424991970970
17700,182.06561308361200,187.05137009393600,0.19402289135115500,2.150109758831210,2.037413687933060,0.9667931011744910
17800,162.9875717889700,207.5384765625,0.0663058647087642,2.1288082849411700,2.074892402830580,1.0353004137675000
17900,152.61339111328100,144.78643362862700,0.05880786762351080,2.2625552132016100,2.1311883971804700,0.8685658523014610
18000,181.1793436686200,142.64635765439000,0.0841691465604873,2.016244225274950,1.9651603471665200,1.064968867529010
18100,164.86492716471400,215.4402808779760,0.14290628972507700,2.4653116180783200,2.0559084801446800,1.0468135992686000
18200,209.7948207310270,152.63720005580400,0.0796128389381227,2.2524540265401200,2.0530632563999700,1.0713534445989700
18300,158.99180443173400,165.50245390392500,0.07516791579269230,2.2170545350937600,2.010869934445340,1.0268205075036900
18400,185.88355218796500,146.9027125767300,0.13223560679526600,2.315625962756930,1.9646887188866000,0.9810192198980420
18500,176.11249564034600,179.21256771995900,0.1703555839402340,2.1454290390014600,2.060569091070270,1.0837914534977500
18600,171.97789045061400,179.86476353236600,0.11224309688522700,2.2933730397905600,2.1420587494259800,1.0437805062248600
18700,171.5839823404950,150.40425967261900,1.4360457374936100,2.2336741719927100,1.9805181503295900,1.046512338093350
18800,206.9989025297620,200.63550385974700,0.12689378346715700,2.2060229392278800,2.12200048991612,1.0072846140180300
18900,186.84943498883900,144.59579525902200,0.5106451863334290,2.007901450565880,2.1286760875156900,0.9646270184289840
19000,159.65393851144000,174.10966070266000,0.4088714156832010,2.160636397770470,1.9987625122070300,0.9922051702226910
19100,194.3071036202570,157.1315967378160,0.08946416548320230,2.1855481647309800,1.9927920296078600,0.9647335211435950
19200,150.77836274646600,180.36576421828500,0.0820767499151684,1.9920718329293400,1.9434514817737400,0.9774840559278220
19300,163.18682570684500,140.56307518368700,0.06580573717753090,2.1748956589471700,1.915693932487850,1.075390120915000
19400,201.99340006510400,149.28991059802800,0.06442998207750780,2.112841442653110,2.22437808627174,1.011163398197720
19500,203.5635033017110,213.56616675967300,0.08420555321943190,2.089732029324490,1.9890234720139300,1.0736155101231200
19600,193.71463274274600,193.36934349423400,1.7517501331511000,2.1616513388497500,1.9365852219717800,1.0438087145487500
19700,187.34050932384700,176.849857875279,0.07587968721276240,2.2998898142860000,1.921140094030470,1.0508502755846300
19800,164.00966419038300,178.3032996768040,0.06568109222820830,2.1662512506757500,2.1304378509521500,1.0361595108395500
19900,164.91178240094900,184.54126645042800,0.10826805063656400,2.1081333523704900,1.9795799209958000,0.987536366780599
20000,167.5655023484000,175.14904378255200,0.07345442303589410,2.186930465698240,2.0912878626868800,1.0240637256985600
20100,160.85581345331100,194.7786350795200,0.059372679960160000,2.0146699587504100,2.148435133979430,0.9415561471666610
20200,204.01477690197200,161.04110136486200,0.16476832259269000,2.2015068145025300,1.9467778296697700,1.0798381918952600
20300,176.9011221749440,133.6720427013580,0.04868440755776000,2.3801831790379100,2.138675053914390,1.1707639535268100
20400,245.4861891973590,189.998686000279,0.07073400715986890,2.00692933400472,2.0143681389944900,0.9780435675666450
20500,154.6044407435830,164.13811093285000,0.16161364515622500,2.355152062007360,2.058096254439580,0.9696673711140950
20600,180.12539876302100,146.3787847609750,0.036525907190073100,2.116738101414270,1.9408961613973000,1.0834802309672000
20700,203.62823311942000,185.28540910993300,0.07385685131663370,2.1936948776245100,1.9368950480506500,1.0788797605605400
20800,214.33834867931500,175.43377394903300,0.052206735809644100,2.314626475742890,1.94440944762457,1.0712286949157700
20900,178.02078595842600,160.26729881649900,0.0664719609987168,2.008940410614010,2.0856434050060500,1.0319610323224700
21000,176.77372407459100,189.95977899460600,0.03727611594256900,2.146214589618500,1.9471893174307700,1.12442763873509
21100,228.95725388299900,168.0865225655690,0.050914011398951200,2.0895847502208900,2.2161434900193000,1.0468218848818800
21200,166.99914027622800,154.38304617745500,0.07795422673225400,2.333071740468340,1.9558625857035300,0.9883586906251450
21300,173.11920631045400,158.09995814732100,0.20177411749249400,2.271509075164800,1.971689224243160,1.0731061776479100
21400,191.03001360212100,158.68526727585600,0.11379202944891800,2.1046200661432200,1.9950600533258300,1.0323597658248200
21500,145.04889206659200,184.77672235398100,0.12358219141051900,2.135041672842840,1.9406122162228500,1.0009146531422900
21600,187.05110793340800,172.29850086030500,0.05646586687791920,2.2906862667628700,1.9326863288879400,1.0544028486524300
21700,164.9975803920200,178.22368629092300,0.05387625197569530,2.1891543615432000,2.041225628625780,1.0663512615930500
21800,160.2649632045200,157.0108598981590,0.5430417015438990,2.119719432649160,2.1088017872401600,1.0044031756264800
21900,176.76009172712100,148.50659877232100,0.04455521340881080,2.22312593460083,2.0033611206781300,0.9884634245009650
22000,150.49045090448300,160.38455607096400,0.10692234834035200,2.3284316108340300,1.9465210687546500,1.0531266780126700
22100,154.19616146995900,185.53369896298400,0.059561654783430600,2.2336425190880200,2.1114354951041100,1.0644607453119200
22200,169.90994437081500,159.0426993233820,0.08373111458051770,2.3158426920572900,2.2293438684372700,0.983356507619222
22300,181.61852213541700,159.01837797619000,0.0764892558256785,2.0662301199776800,2.1570229394095300,1.1260448228745200
22400,173.34225725446400,180.6079171316960,0.06510765098390130,1.9881638163612,2.1947221074785500,0.9878920895712720
22500,177.11571248372400,162.62685081845200,0.045984280960900400,2.02156191326323,2.178833280290880,1.014165955498110
22600,198.5562252952940,165.0899681454610,0.0931447582585471,2.0992411204746800,1.9534534272693500,0.9690005188896540
22700,147.80976417178200,175.4350609188990,0.11545578525179900,2.1205766677856400,2.0463118780226900,0.9881279037112280
22800,185.61179896763400,167.35162702287900,0.050987825507209400,2.1091421490623800,1.9732005573454400,1.0430617990947900
22900,177.934475562686,201.02390659877200,0.04789555782363530,1.9563245319184800,1.9816178094773100,1.0483373142424100
23000,167.35552368164100,145.53399629138800,0.04242391394717350,2.168061796824140,2.055017916361490,0.9788727805728000
23100,201.94478120349700,167.0222461518790,0.050661963508242700,2.1991808845883300,1.9436711901710100,0.936383783249628
23200,191.16141560872400,184.04593796503000,0.3427654646691820,2.143945262545630,1.9172298431396500,1.0410620802924700
23300,183.29174979073700,170.63164847237700,0.17604525174413400,2.197604011353990,2.011519005185080,0.9682589099520730
23400,172.50869402204200,170.22730160667800,0.12873619198799100,2.030952957698280,2.001306660970050,1.1495442186083100
23500,200.17100306919600,226.01381080264100,0.04642585352772760,2.1889231091453900,2.0282754943484400,1.117046088264100
23600,171.83844488234700,191.37999790736600,0.09406801646664030,1.909216258639380,2.072063936506000,1.0161812214624300
23700,189.50713500976600,152.0232200985860,0.07853727440039320,2.1969281287420400,2.0646860168093700,1.1220627012706900
23800,186.317535109747,162.78987891787600,0.09313117194743380,2.054799883706230,2.062527474902930,0.9935546080271400
23900,179.37503574916300,151.3435570126490,0.04526427920375550,2.221522435687840,2.071920381273540,1.0470181328909700
24000,208.16866280692000,185.79283272879500,0.041564223383154200,2.1426394871303000,1.978490130106610,1.0966377848670600
24100,147.29231887090800,156.7603774297810,0.07056325021244230,2.119433997926260,1.9859010060628300,1.0284073420933300
24200,200.57632707868300,161.1348118373330,0.11503317242577000,2.1820743515378000,2.0916922750927200,1.1130626633053700
24300,218.80649355933800,160.93863234747000,0.0678628792365392,2.111440149943030,2.12562232698713,1.0151775450933500
24400,130.58369634719100,167.92194533575100,0.08328642618088500,2.1277259417942600,1.99736270904541,1.0925963606153200
24500,195.46107468378000,151.95625000000000,0.04717843333880110,2.1865092958722800,1.9804088547116200,1.079408550262450
24600,180.1141139439170,183.15260213216100,0.05654732655911220,2.1477367219470800,1.9228921754019600,0.9154264881497340
24700,128.06218872070300,163.77764020647300,0.0451493250472205,2.0866028604053300,2.0374282110305100,1.073252805074060
24800,137.96959257580000,154.9661865234380,0.06287913521130880,2.0173885708763500,2.0223625455583800,1.0560279460180400
24900,168.93853236607100,214.15028424944200,0.043604695300261200,2.1178817022414400,2.015229656582790,0.987228030250186
25000,187.48674723307300,175.5546418689550,0.12921111356644400,2.2356238047281900,1.9925823756626700,1.0639425686427500
25100,168.9687999906990,187.18749099004800,0.06802075391724000,2.184410335904080,1.8817703973679300,0.9793834164029080
25200,145.49798496791300,196.39906122116800,0.08644368705295380,2.028673389979770,2.038462888626830,0.9673939477829710
25300,152.04078485398100,155.0863275437130,0.051608978850500900,2.049323931194490,1.955057112375900,1.144977821622580
25400,231.41879824683800,214.74400634765600,0.08422651163169320,2.133139705657960,2.0004959742228200,1.0024018741789300
25500,165.5307434082030,157.6627220517110,0.03964134142512370,2.089520327250160,2.0860893385750900,1.0187303974514900
25600,160.12886614118300,140.88983444940500,0.06128946698847270,2.2764927319118000,1.9498978751046300,1.0263566062563900
25700,206.32171805245500,161.5777082170760,0.16693338127363300,1.9667999676295700,2.0362948508489700,1.069902903693060
25800,139.65472470238100,194.75972377232100,0.10300701203800400,2.3146346682593900,1.954627936226980,0.9591873736608600
25900,189.059329078311,145.80259166899200,0.1250737414473580,2.2204076948620000,2.0661977222987600,0.9394715241023470
26000,153.66618012927800,168.80760701497400,0.27909678731645900,2.1395090148562500,2.217976565588090,0.9798924695877800
26100,164.1736575172060,175.2995120093940,0.055103442072868300,2.3968918164571100,2.1266432262602300,0.9890424864632740
26200,156.86085641043500,172.42612537202400,0.047692106451307000,2.2291662397838800,2.1397605623517700,0.9741768859681630
26300,191.387600562686,164.75248413085900,0.3226960102717080,2.223817271278020,2.063763800121490,0.984438943862915
26400,216.14468238467300,147.61689743768600,0.04361733900649210,2.1615846815563400,1.7245844931829500,1.0391911143348300
26500,150.5060017903650,187.6631574358260,0.13291451505252300,2.0964543615068700,1.9563896996634300,1.0208510489690900
26600,180.31022193545400,188.77472999209400,0.06268147911344260,2.2000263895307300,2.0900595437912700,1.0382115500313900
26700,146.48675914946100,155.07841506231400,0.051526419463611800,2.067403697967530,2.0062644368126300,1.0509899207523900
26800,211.2300542922250,167.80396118164100,0.05009255451815470,2.179600211552210,2.0213027318318700,0.9583436375572570
26900,198.25359671456500,164.36171003069200,0.04375482258342560,2.017201446351550,1.8887316158839600,0.96580962680635
27000,205.39083368210600,167.25979933965800,0.04895181641692210,2.1864480381920200,1.9336165518987700,1.0150325003124400
27100,179.0831080845420,146.0648236955920,0.05241163018203920,1.995093195778980,2.162949294135680,1.0685786020188100
27200,151.22771780831500,164.97281813848600,1.557077507745650,2.253659071241110,1.9479393050784200,1.0629202729179700
27300,185.62727835519000,161.99426938011500,0.07782023137524020,2.194067823319210,2.0856141726175900,1.0268854890550900
27400,205.50017845517100,168.4394978841150,0.46860007445017500,2.1559072676159100,1.8995684532892100,1.0236949693589000
27500,194.4947509765630,161.85799357096400,0.0760981329849788,2.179138265337260,2.152613875979470,0.9931867826552620
27600,222.49094528924900,164.73526495070700,1.582940537588940,2.063816865285240,1.9166235969180200,1.0583164510272800
27700,160.36548985072500,152.26813761393200,0.054253677952857200,2.0798289526076500,2.155162307194300,0.8744545959291000
27800,149.40006568545400,170.06820591517900,0.31738051005772200,2.340890194120860,2.266252458663210,1.0135381108238600
27900,176.7250694638210,168.47804739815800,0.07235927326338630,2.1768531118120500,2.017614609854560,1.0336107072376100
28000,171.30579427083300,176.22759602864600,0.05938274604933600,2.101344176701140,1.9452927498590400,1.0180085250309500
28100,173.5091105143230,158.01912928990000,0.03928455384004680,2.3293139821007100,2.121750618162610,1.0271324748084700
28200,157.00934651692700,173.65505051385800,0.0642613023519516,2.0432050523303800,2.1040585063752700,1.0682660761333600
28300,171.96484200613800,194.55560796828500,0.08971197747048880,2.196187078385130,1.9356529508318200,1.1427027225494400
28400,167.4107442220050,180.68633887881300,0.07160763896646950,2.2530883879888600,2.1408350853692900,1.128123208454680
28500,184.67551647367900,176.52989095052100,0.057538766520363900,2.116535522824240,2.0447968210492800,0.9928296634129120
28600,168.36401948474700,214.68387625558000,0.1149412160828,2.2997680436997200,1.9726218677702400,0.995905860265096
28700,177.57062058221700,159.2777143205920,0.3698113821801690,2.1583521752130400,1.943132159823460,0.9489525931222100
28800,150.68392537434900,167.4075982956660,0.07118013855956850,2.2184215681893500,1.9670587766738200,1.015264962968370
28900,199.18384951636900,212.8544247581850,0.07793497315474920,2.146539497375490,2.1439327875773100,0.983517751239595
29000,164.50482584635400,168.39095052083300,0.024727228780587500,2.07741216023763,2.1043863932291700,1.093088470186510
29100,189.6610828218010,171.28983822777200,0.04760598611264000,2.145697530110680,2.0966861724853500,1.1075239635649200
29200,153.21656290690100,149.48201468331500,0.21348336480912700,2.190726393745060,1.7790472257705000,0.962203243800572
29300,224.044580078125,174.25142996651800,0.08061392605304720,2.1550924846104200,1.938246068500340,0.9819380851019000
29400,166.01774233863500,139.83373267764100,0.03849237298681620,2.1174447059631300,2.0414727074759300,1.054749261765250
29500,151.38941127232100,157.5354311988470,0.05869885129587990,2.115535663423080,1.9663776806422600,1.0327778634570900
29600,163.38352951776400,169.61114095052100,0.052086972622644300,2.1676376479012600,1.9889232998802500,1.0530643962678500
29700,146.43491094680100,197.54054391043500,0.08602376239640370,2.0865859167916400,2.1161312966119700,1.0475937502724800
29800,181.0826421828500,159.43860938662600,0.05084705154101050,2.244563515981040,2.114545672280450,1.0390268916175500
29900,167.4585170200890,197.31572934105300,0.06969589661984220,2.3661860783894900,1.9692372412908600,1.0231774443671800
30000,157.37465529668900,141.3289056687130,0.031907957863240000,2.301420697711760,2.248064885820660,1.0817162332080700
30100,169.91369803292400,162.63686058407700,0.05273398941471460,2.1420591218130900,2.1252998397463800,1.0155079455602700
30200,199.18059634254100,192.91929728190100,0.052415610069320300,2.1713077091035400,1.9292890412466900,0.9904269286564420
30300,157.70056849888400,207.8295224144350,0.0592118494567417,2.1473062424432700,2.0123131207057400,0.9446295511154900
30400,141.97478579566600,152.63101545061400,0.047604944592430500,1.9876359576270700,1.9567464465186700,0.989037645430792
30500,147.14761817568800,159.15912243071100,0.06382937402952290,2.2170377776736300,2.1129833221435500,0.9638145628429590
30600,121.37589169456800,166.36126796177500,0.05256689815294180,2.1556097303118000,2.0420150893075100,1.0043541136242100
30700,171.45665573846700,175.6874738420760,0.042611279941740500,2.084315844944550,1.9115730966840500,1.0904028143201600
30800,178.7104468936010,174.69835408528600,0.0398772079320181,2.063071532476520,1.9273598898024800,1.0705462955293200
30900,205.0770990280880,184.69713280087400,0.056499108246394600,2.0728973388671900,1.9186145646231500,1.0449589252471900
31000,180.22513892764100,197.88804960705000,0.1318693058831350,2.1459209623790900,2.0042902265276200,0.9676168214707150
31100,189.66804199218700,152.41994047619000,0.04895519699369160,2.047456037430540,2.0249160039992600,1.0371878578549300
31200,172.55050862630200,165.68042515346000,0.03907406202384400,1.988469359988260,2.01694971266247,0.974354887008667
31300,168.65962931315100,202.53612002418200,0.054359354433559200,2.1772338776361400,2.0335308074951200,0.9922528357732860
31400,199.44805966331800,133.4687252952940,0.051831573247909500,2.098088582356770,2.026403131939120,0.9430563086555120
31500,154.5522231329060,156.15318981352300,7.010073471069340,2.089950061979750,1.8679095904032400,1.008557805560880
31600,139.8434564499630,156.5168422154020,0.060934279504276500,2.130407873789470,2.00716803414481,1.0661387216477200
31700,169.28483450753300,184.61751941499300,0.04950741799104780,2.106300649188810,2.103480002993630,1.066356847399760
31800,189.31136067708300,200.77904866536500,0.056812995672226000,2.162446943918860,2.0142659187316900,1.0049668766203400
31900,194.73583141508600,202.88548467726900,0.041875466278621100,2.1575221243358800,1.8802840142023000,1.0518422217596100
32000,161.94744989304300,162.3225062779020,0.04366238621019180,2.159872817993160,2.079260503678100,1.0635699953351700
32100,162.89151378813200,116.71457025437100,0.061542288746152600,2.063351195199150,2.13044771921067,1.021840202240720
32200,169.66944783528600,173.94787190755200,0.044450235153947600,2.036796828678680,2.038506085532050,1.062310861405870
32300,170.29076828729500,165.10923694428900,0.06398556714966180,2.3317832810538200,1.9405036653791200,1.0210333324614000
32400,148.17394089471700,157.8873817080540,0.03888210810366130,2.2765258743649400,2.071963205791660,1.047220059803550
32500,188.6957481747580,166.3817879813060,0.12826009506271,2.225542168390180,2.086168843223940,1.0351821808587900
32600,196.07004975818500,141.24017624628000,0.12555957862309000,2.172767838977630,2.036894580296110,1.009461682183400
32700,157.8054207938060,154.14851975213900,0.8335228284200030,2.1809907050359800,2.164426740010580,1.0973294939313600
32800,147.81722383045000,179.8697803315660,0.041347246794473600,2.1287647156488300,1.9275971003941100,0.9782943702879410
32900,146.21956990559900,182.0061503092450,0.06201300933247520,2.171866848355250,1.8889796257019000,1.012923020408270
33000,169.11639636811800,163.63756306966100,0.02538206861132670,2.06539671761649,2.0109114556085500,0.9846982183910550
33100,155.23179088774200,177.59156959170400,0.04214402139186860,2.1835352261861200,1.9220265615554100,0.9878734702155700
33200,177.76546543666300,155.88141276041700,0.05522470062687280,2.0861507824489000,2.254614802769250,1.0461325963338200
33300,210.8857898530510,173.70594540550600,0.16796467247463400,2.0995846475873700,1.9968184652782600,0.9807389054979600
33400,186.18895728701600,244.84675583612400,0.07070386707782750,2.1736014275323800,2.4583075750441800,1.0292349724542500
33500,160.3005097888770,156.626365734282,0.027693396877674800,2.2177203632536400,1.8455613363356800,0.9640046664646690
33600,176.47257312593000,171.29408046177500,0.03657297633943100,2.0972028596060600,1.8758332434154700,1.0901619729541600
33700,189.34180704752600,156.47946050734700,0.041311567454111000,2.0399634225027900,2.077614180246990,0.9386866251627600
33800,147.66113106863800,190.7137169247580,0.04480922505969090,2.116695276896160,2.119789069039480,1.0146474520365400
33900,152.43159470331100,160.45541091192300,0.12797865186418800,2.0296950340271000,2.0880143937610400,0.950524159840175
34000,149.17205752418200,178.72207728794600,0.06772387410913190,2.0652488799322200,1.9457478069123800,1.103072354907080
34100,156.26041346958700,161.21839338030100,0.043358291401749600,2.128709974743070,2.226450606754850,1.1119647729964500
34200,156.33721458798400,154.0287362234930,0.06475038045928590,2.04730931690761,2.062190092177620,1.0728743666694300
34300,170.6141075497580,168.42058657691600,0.04273905817951480,2.2762119520278200,1.9814517248244500,0.9471433503287180
34400,145.11065470377600,150.1448041643420,0.06383999869936990,2.0267034621465800,1.9791090374901200,1.028281847635910
34500,156.9655061267670,220.16446126302100,0.07049682566097810,2.1708923112778400,2.116390850430440,1.044062868754070
34600,183.01725580124600,172.18418695359000,0.03558480349325000,2.23525421051752,1.9396985644385900,1.0582714852832600
34700,181.85611107235900,181.40773315429700,0.0659833367381777,2.303188791729160,2.059895815168110,1.0436093012491900
34800,171.99565778459800,162.07979329427100,0.04979680932703470,1.9872384343828500,1.9908820561000300,0.9601672172546390
34900,163.22437424432700,165.24720488048700,0.04017454740547000,2.1522692317054400,1.9937360309419200,1.0351519244057800
35000,146.74527326311400,179.2616036551340,0.0769379008383978,1.906241816566100,2.1412741297767300,1.026390772774110
35100,135.91353905087400,170.94801664806500,0.04778670150609240,2.1497688384283200,1.978416397458030,1.0708029633476600
35200,174.1059070405510,183.0128229050410,0.031222733571415900,2.0405013356890000,2.0255620956420900,0.9830383959270660
35300,183.40836356026800,173.42688743954600,0.04265155302626750,2.15655913125901,2.096121075039820,0.9018793242318290
35400,168.6390139625190,162.7701930454800,0.05052220196951000,2.0774441855294400,1.9544624101548000,1.047699973696750
35500,175.8300772530690,190.59460071382100,0.058422278222583600,1.9862646420796700,1.9081940560113800,0.9495860236031670
35600,152.90348365420400,165.02100801013800,0.04943708337488630,2.2493661925906200,1.9707526706513900,1.1184433778127000
35700,189.74508143833700,171.11758684430800,0.10080514521825900,1.9969132377987800,2.1402906554085900,1.0256969224839000
35800,180.2683358328680,138.76022106352300,0.06107582151889800,2.432769639151440,1.836586620694120,0.9308438732510520
35900,158.6290338425410,184.61048874628000,0.2267618979726520,2.0740917705354200,2.132479835691910,0.9372324534824920
36000,174.25657784598200,157.4806158156620,0.10356914202372200,2.023946307954330,1.8488441149393700,1.012179828825450
36100,167.14623616536500,216.03605259486600,0.09432087313561210,2.0457657723199800,2.142196532658170,1.0084014960697700
36200,164.71952340262300,179.20004359654000,0.03336287722701120,2.1904623712812200,1.9836795307341100,1.0530686787196600
36300,186.29166463216100,158.8424801781060,0.03547236294973460,2.1356278101603200,1.8855199632190500,1.0798997288658500
36400,180.530126953125,171.77342907133600,0.04894546838033770,1.8283062208266500,1.9702687535967100,1.0092699959164600
36500,159.53099714006700,158.16753598167800,0.046735798886844100,2.0313905125572600,2.051588603428430,1.0168427671705000
36600,138.4440435500370,145.37556791759700,0.045688265207267900,2.181215999239970,2.0282237325395900,1.0321845576876700
36700,165.88920026506700,159.85919828869000,0.03732160244669230,2.06200110571725,1.852427223750520,1.050408903757730
36800,222.13810105096700,162.91701485770100,0.03472300661461690,2.2453324953715000,1.9625804492405500,1.0014925979432600
36900,219.72882196335600,132.8289582752050,0.03925148993730550,2.368222104935420,1.9247289748418900,1.070310760679700
37000,160.30126052129800,176.38001854306200,0.06652049351306190,2.197129590170720,1.9774811472211600,0.9670948278336300
37100,151.5593508765810,140.16958414713500,0.05003806962853390,2.147377554575600,1.9309763272603400,0.987838838213966
37200,183.8901669456850,160.41055762881300,0.051975704516683300,2.2556444531395300,1.9506460008167100,0.9650619665781660
37300,204.78636300223200,136.0341090611050,0.1337138207185840,2.150689379374190,2.270074453808010,1.014348704474310
37400,179.27775036039800,152.87110682896200,0.09189596389021190,2.0619811830066500,2.0407283056350000,1.0877639861333900
37500,160.64246244884700,152.70555245535700,0.09520832981382100,2.158986536661780,1.800918079557870,1.088468821843470
37600,172.88204636346700,178.2058355422250,0.06174440767083850,2.338504868461970,1.7612158412025100,1.0374464807056200
37700,141.36265287853400,177.5016842796690,0.062008639602434100,2.027733112516860,1.9747910227094400,1.0890499319349000
37800,219.0616472516740,177.32477358863500,0.04876589924097060,2.110119292849590,2.2715031169709700,0.9952701954614550
37900,196.91172805059500,143.21924990699400,0.04041081830149610,2.0839995020911800,2.062867836725140,1.0052296888260600
38000,183.15379377092600,160.44065842401400,0.07390493580273220,2.1445960090273900,2.214073390052430,1.044644444329400
38100,165.89956752232100,158.0934875488280,0.08150124308608830,2.168544224330360,1.9928616659981900,1.0774159068153000
38200,176.9377174014140,152.0750921340220,0.06518009773322510,2.028817689986460,2.153920768556140,1.0346667970929800
38300,150.35584338960200,159.88127935500400,0.05076753525506880,2.370853392283120,2.023391451154440,1.0642902851104700
38400,187.03539021809900,165.9361865815660,0.064910198535238,2.214745734986810,2.107684439704530,1.0306807654244600
38500,158.9309831891740,167.24580950055800,0.051866880201158100,2.213203866141180,1.8958747455052000,1.0382750420343300
38600,173.8535417829240,186.3226829892110,0.029732961101191400,2.0844270024980800,2.075657285962790,0.9539326190948490
38700,187.4668468656990,213.84169747488800,0.03456332818383260,2.179615479423890,2.0628326461428700,1.0266695976257300
38800,186.82386242094500,126.73805164155500,0.033466796506018900,2.0766016596839500,1.9360290618169900,1.1452330929892400
38900,148.14670003255200,182.3462916782920,0.02788709345318020,2.082845288231260,2.077983402070550,0.9760695434751970
39000,148.62526216052800,153.9175563267300,0.08577602605024970,1.9869427590143100,2.0392195792425200,1.0096208776746500
39100,190.39090198335200,192.59556477864600,0.056815090349742300,2.1557540303184900,2.228483840397430,1.020298147201540
39200,167.06874389648400,171.73797781808000,0.040087542647407200,2.2376791954040500,2.1916553134010000,0.9717222963060650
39300,146.25018310546900,137.3430884951640,0.03275699757394340,2.2759671075003500,1.955406039101740,1.141023908342630
39400,150.06775280180400,204.2393054780510,0.06550530805474240,2.2025100253877200,1.9854735056559200,1.0246676445007300
39500,189.37208658854200,153.91379074823300,0.060091870029767400,2.2443575859069800,1.9893876666114400,1.046970746630710
39600,153.50582130068800,166.89844680059500,0.07765510678291320,2.0301783925011000,2.08618038722447,1.0447945163363500
39700,142.8419889904200,173.10394141787600,0.04439367304245630,2.0989219847179600,1.9525410788399800,0.9969454719906760
39800,152.66606154668900,150.50795607793900,0.057382137009075700,2.1185912858872200,2.0904982158115900,0.9578569275992260
39900,146.1402067638580,161.01481381370900,0.0350109142206964,2.185806229001,1.9668988364083400,1.0280853203364800
40000,177.34372064499600,159.65751342773400,0.07056599074885960,2.0455054737272700,2.157651901245120,0.9889476208459760
40100,145.0734636579240,155.30922357468400,0.031751305077757200,2.2533365840003600,1.99628818602789,1.0304251216706800
40200,164.65356619698700,158.47246442522300,0.026747149583839200,1.9480078243074000,2.087145056043350,1.0238588196890700
40300,172.4224312918530,194.37528919038300,0.06738326208932060,2.058533995492120,2.115377212706070,0.9766933849879670
40400,134.56133887881300,181.77618786039800,0.04874939492770600,1.9744450750805100,2.044409166063580,1.1514116468883700
40500,200.92054385230700,144.6037077404200,0.039207583169142400,2.1031891686575800,1.929839243207660,1.0064257962363100
40600,174.19144287109400,133.86829368954600,0.04712753558442710,2.101711536589120,1.9468968073527000,0.9293508802141460
40700,166.84077148437500,178.61989426385800,0.05388749341169990,2.189033149537590,1.9732942127046100,1.141121566863290
40800,163.2151390438990,161.40508742559500,0.051847684809139800,1.9507530621119900,1.8970676876249800,1.0164776416052000
40900,145.673882765997,170.89204537527900,0.06668596721830820,2.0497153100513300,1.9783780415852900,1.0359297479902000
41000,191.2275634765630,125.31594993954600,0.035399750371774000,2.120433671133860,1.9777755192347900,1.007549474352880
41100,178.14124872116800,178.7510221935450,0.04565041554825650,2.2692397480919200,1.9804552169073200,0.9744895049503870
41200,175.57022850399900,161.822756812686,0.0600966819695064,2.0181063470386300,1.9898872239249100,1.0791893073490700
41300,149.45407075427800,132.9999226888020,0.04608977415731980,2.1482238042922200,1.970773338136220,1.0471747216724200
41400,156.379887172154,155.46824776785700,0.05244075201806570,1.9528691518874400,2.067445032937190,0.9608225254785450
41500,176.54011521112400,156.85598260788700,0.02874184406939010,2.091118054162890,2.069122264498760,0.9395608039129350
41600,155.26471586681500,142.0904105050220,0.05619503671214690,2.17222694669451,1.9944210370381700,1.0030499208541100
41700,159.3803501674110,147.27658923921100,0.03879444294032600,2.1035654658363000,1.8655428841000500,1.1817514215196900
41800,166.49626871744800,140.63829142252600,0.05512566311018810,2.0548775264195000,2.221845853896370,1.0478826295761800
41900,139.89626988002200,164.02796776181200,0.03377991006487890,2.0360397656758600,1.9431384904044000,1.0183157444000200
42000,167.1488816034230,155.3685791015630,0.03375105588209060,2.1023563248770600,1.9372333617437500,1.0288966587611600
42100,140.7198471795950,164.73163045247400,0.21224420013881900,2.177064627692810,2.077393913269040,1.0685031936282200
42200,179.26990937732500,176.81576509021600,0.08046139280001320,2.171379207429430,1.8660893621898800,1.0374604452224000
42300,176.64161900111600,152.01781005859400,0.05168208891437170,2.284760284423830,1.9622345016116200,0.9809385980878560
42400,178.1387224469870,176.35611426943800,0.042312820397672200,2.148863192967010,2.1198722975594700,1.0146146819705100
42500,175.83001767113100,153.86649460565500,0.04180512002536230,2.144622076125370,1.8258428800673700,1.1203567959013400
42600,159.25059262230300,154.47332473028300,0.04128513087828950,2.2602155049641900,2.0727947462172700,1.0150256111508300
42700,167.69813174293200,177.06751069568500,0.03811378329992290,2.167601526351200,1.9992685862949900,1.0598029272896900
42800,207.61726771763400,145.16874709356400,0.024834083517392500,2.0490055402120000,1.9523299353463300,1.1131603218260300
42900,186.66176379975800,154.698246547154,0.030573796658288900,2.123087115514850,1.8475740886869900,1.0061978953225300
43000,154.9005391438800,133.00970604306200,0.038138960159960200,2.088611888885500,2.040243085225420,0.9898673239208400
43100,154.59066539946100,152.69733014787900,0.030698947821344600,2.132685393378850,1.9830714225769000,0.9730862572079610
43200,164.3579325358070,155.35631713867200,0.08954262279328850,2.304773112705780,1.891787796928770,0.9978596823556080
43300,170.98272908528600,143.5208060128350,0.0732878728991463,2.1597318694705100,2.181598626999630,1.042966281800040
43400,173.8159932454430,157.8415274483820,0.09329709368092670,1.8579510280064200,1.9961280595688600,1.1267933209737100
43500,184.0296840122770,130.2762416294640,0.06464548948265260,1.9967754545665900,2.1596730323064900,1.0166513601938900
43600,165.26331583658900,153.8516110374810,0.05806187731879100,2.1422302336919900,2.011465567634220,1.11101667540414
43700,144.87945295061400,145.48880934942300,0.03669871808517550,2.2455373082842100,2.0736547742571100,0.9428285939352850
43800,176.47836449032700,167.36590285528300,0.05604748995531170,2.138496308099660,2.2080809366135400,1.050295791171850
43900,150.23215128580700,189.85897827148400,0.04187962945018500,2.2092807678949300,1.899662481035510,1.0070384661356600
44000,144.44556535993300,149.5704342796690,0.04691154523974370,2.118450709751670,2.06725157783145,1.027716284706480
44100,181.11982131231400,152.0293451218380,0.07111020542326430,2.1885745548066600,2.0983797890799400,1.1223068010239400
44200,163.3503662109380,151.93618280319900,0.025586834975651300,2.051780568985710,2.0820234298706100,0.9694587412334620
44300,159.88960890997000,174.65408470517100,0.03797520583584200,2.0753878638857900,2.067963209606350,1.0853905768621500
44400,195.32625267392100,147.76226545061400,0.052699915993781300,2.084829180581230,2.157885015578500,1.1064224424816300
44500,174.52651977539100,179.39973842075900,0.04133693923552830,2.1530529203869000,1.8919903755188000,1.017023281824020
44600,163.36710873558400,140.9185529436380,0.048421540075824400,2.142233957563130,1.8367573601859000,1.082091506322230
44700,184.08924211774600,206.83128662109400,0.03192227149293540,2.1908399718148400,1.990457162402930,1.0178855441865500
44800,179.5919974190850,137.9830819266180,3.181809189206080,2.095412980942500,2.20438722882952,0.9880120913187660
44900,168.11182105654800,159.88170834495900,0.8739474977765760,2.0796868869236500,1.9212843940371600,1.0160246326809800
45000,167.27847231910300,166.33463483537900,0.6577057917912800,2.055344499860490,1.9629792758396700,1.023424057733450
45100,165.93667515346000,152.87968662806900,0.26246965612684000,2.077346247718450,1.9018217677161800,1.1301912602924200
45200,168.88733956473200,160.93783394949800,1.085479111898510,1.9519273848760700,2.073710446130660,1.0021627085549500
45300,125.36088663737000,147.67866007487000,0.22254219339007400,2.170388657706120,1.9745750381833000,0.9530809697650730
45400,188.96303274972100,184.47275913783500,0.21319220463434900,2.1070050194149900,1.813695426214310,0.9752812930515830
45500,136.88890729631700,155.0555236816410,0.17959559048925100,2.1051047279721200,1.9050280207679400,1.1309969198136100
45600,159.33741542271200,150.81732933407700,0.19392526774179400,2.2061737560090600,2.1984727904910100,0.9661290418534050
45700,134.90406610398100,161.202151343936,0.20228500933874200,2.209947713216150,1.814592506772000,1.1480551356361000
45800,165.24844418480300,171.1603309268040,0.14229375947089400,2.0863863172985300,1.9539770035516600,0.9946811721438450
45900,202.4192202613470,138.1665823800220,0.1953748311315260,2.065253907158260,1.9757914406912700,1.0160218397776300
46000,149.7430431547620,155.112209937686,0.11776103604407500,2.0560429118928500,1.8719857397533600,1.058113313856580
46100,135.37531156994000,187.31631905692000,0.14202836382956700,2.133490121932260,1.9734159832909000,0.9611758277529760
46200,173.36934320359000,144.88172898065500,0.12913905665988000,2.0591938654581700,1.9481748399280400,1.0068495727720700
46300,185.66619727725100,141.41211780366400,0.10253342872574200,2.182554544721330,2.1227124940781400,1.1703076862153600
46400,135.68653186616400,150.22134312221000,0.10793003950800200,2.143707493373330,1.8839674813406800,0.9769233340308780
46500,145.12748064313600,172.64660237630200,0.09853275758879530,2.0314495359148300,2.2168046633402500,1.0759486084892600
46600,196.91033383324000,168.27330002557700,0.119160338810512,2.3569549742199100,2.113209919702440,1.1022307600293800
46700,174.63946329752600,157.30461077008900,0.09086327041898460,2.14039827528454,2.2410314242045100,1.0386074906303800
46800,182.46275053478400,150.90116112118700,0.09468412512824650,2.01104793548584,2.03356990814209,1.0251013823917900
46900,192.99445393880200,156.10755004882800,0.12445995438666600,2.14008975256057,2.005561556134910,1.0991324061439200
47000,197.43559628441200,165.06974603562100,0.09455146221887500,2.1857885406130800,2.0348911376226500,0.9990822292509530
47100,161.9513703845800,167.16446823846700,0.07319620166506090,1.9874210902622800,2.1327559607369600,1.0826428254445400
47200,165.30314040411100,192.81448073614200,0.07164577373436520,2.168215778895790,2.1528449421837200,1.0357939197903600
47300,147.70134887695300,161.02289312453500,0.06378381479354130,2.1406420026506700,2.0790212449573300,1.0503371261415000
47400,167.62850428990000,172.47653169177800,0.09857943398611890,2.191113303956530,2.0388187045142800,1.0186800320943200
47500,167.33633829752600,163.4058369954430,0.06511344043981460,2.1476037797473700,2.0595601081848100,1.0130786782219300
47600,134.31842331659200,149.7727030436200,0.06304737272716700,2.1859017462957500,2.1409641175043000,0.9896529220399400
47700,177.86502685546900,146.12081880115300,0.054043040672938000,1.9828941663106300,2.0400576364426400,0.8757644676026840
47800,186.48864251999600,158.2969479515440,0.06590550783134640,1.9740905625479600,1.9314341772170300,0.9444932574317570
47900,140.7567641485310,147.89229707263800,0.07006878412905190,2.0511825152805900,2.2300486110505600,1.0159096581595300
48000,171.94340442475800,185.80318806966100,0.07857681143851510,2.230054010663710,2.105896236782980,1.126446907860890
48100,171.6867135184150,152.53836553664400,0.05330507996536440,2.288860452742800,2.112899348849340,0.9833040010361450
48200,139.21803676060300,186.1814976283480,0.0677905546767371,2.078143714723130,1.886562647138320,1.0791436899276000
48300,174.35804588681200,147.75606892903600,0.0686920166015625,2.131239786602200,2.1290015538533500,1.0500202247074700
48400,156.2390354701450,185.62112949916300,0.05507194045044130,2.1232675370715900,2.341723037901380,1.069425596509660
48500,169.19567609514500,150.0033208937870,0.052115436962672600,2.062908799307690,2.0127331733703600,1.0184923489888500
48600,156.5968726748510,179.84940330868700,0.05532792168004170,2.090318166641960,1.888385854448590,1.0439474287487200
48700,187.44606468564000,217.68713960193500,0.05195297144708180,2.0328346297854500,1.9977823893229200,1.0121545065017000
48800,170.02051653180800,159.973393031529,0.034991256254059900,2.272492735726490,2.1289771624973800,0.9267015320914130
48900,210.5272972470240,199.6906534830730,0.05018010621979120,2.2948259081159300,2.0320168676830500,0.9961197035653250
49000,165.30181768508200,149.09847383045000,0.05483439820153370,2.0581941922505700,1.9663045065743600,0.9116904213314970
49100,159.43154296875,150.45602446056500,0.038823454223928000,2.1798824809846400,2.103948093595960,0.9665339197431290
49200,154.78893025716100,173.0948968796500,0.04551308907213670,2.1130263328552200,2.029184118906660,0.9671187537057060
49300,188.72860165550600,161.49553280785000,0.0637771874666214,2.066014321645100,1.8373574620201500,1.0474323204585500
49400,170.85635579427100,155.64466988699800,0.05291194390682950,1.9352917353312200,1.954968111855640,0.9463091100965230
49500,143.47360520135800,156.60152006603400,0.04340372262966070,1.9129289581662100,2.0178527514139800,0.957088413692656
49600,150.70057256789400,158.94833344959100,0.032076081917399500,2.1078015554518900,2.0433534485953200,1.0349898429144000
49700,179.8805408296130,162.91993437267500,0.04671588781334110,2.046264212472100,1.9364861669994500,1.0414448942456900
49800,188.30611804780500,163.55557832263800,0.04762535315184370,2.223114204406740,1.9741575922284800,1.0047940889994300
49900,183.18577735537600,192.46338820684500,0.05029361446698510,2.101976303827200,1.962576352982290,0.9844200452168780
50000,165.1420189267110,,,2.1693776266915500,2.0282635779607900,